rho_program,s,eta,SAM,met,alpha_real,alpha_imag,tlogeta,resid
0.0,0.0,1.0,65.06138248397946,50.60069244747123,-0.0158759189965131,0.0,,1.2320427147782235e-11
0.0,0.0489051309959106,1.01,65.93975138617735,50.85043149254573,-0.0155639686418027,0.0,0.2034618996113132,2.415845301584341e-12
0.0,0.2489489858638787,1.0516217474306604,69.7040657800427,51.85614273111537,-0.0143557150932091,0.0,0.2018715504112149,1.929413301126324e-10
0.0,0.509144108811228,1.107397084240533,75.05718592418825,53.10567814209524,-0.0129804269761162,0.0,0.198615553799039,5.182160470913337e-12
0.0,0.8475762593747396,1.1824435125644503,82.94740606838945,54.56519538523891,-0.0115707711759791,0.0,0.1937486678102324,1.320045765833811e-11
0.0,1.288068011518955,1.2833826985392247,95.27045049852084,55.98562218611634,-0.0103492339691235,0.0,0.1859654673346128,9.973679119633238e-12
0.0,1.790830742697364,1.3997686924650898,113.36401022950749,56.47573377573326,-0.0095883669833074,0.0,0.1726613223969683,7.333587587965616e-12
0.0,2.2960842443291565,1.5109957861733077,137.86174560153498,55.09568732520122,-0.0092261528905448,0.0,0.1513337185586709,8.21361809852149e-12
0.0,2.803122226164519,1.6091877113025943,171.19687113839402,51.500528082504346,-0.0090664460739424,0.0,0.1241733997731371,3.410605131648481e-12
0.0,3.308778879187312,1.6934777285250449,215.09705793554787,46.37599679670084,-0.0089880159642228,0.0,0.1009671625876797,1.6133892693524357e-11
0.0,3.811978319746472,1.772140834932672,270.7352858085313,41.03995448759502,-0.0089255905461456,0.0,0.0902307937572993,4.693496056297995e-12
0.0,4.31494576734113,1.853288143916261,339.5759246502915,36.443278113730784,-0.0088605043585799,0.0,0.0890179071321214,5.727651046798951e-12
0.0,4.818430352380368,1.93867125355408,423.1199269861604,32.928457564182,-0.0087927528034298,0.0,0.0894593049750505,4.789058039023075e-12
0.0,5.322019662124757,2.0250505625426296,522.8946304813231,30.431421970840805,-0.0087261150744126,0.0,0.0865623058288829,2.727452879428072e-12
0.0,5.825691581283179,2.10734702928092,640.4969755326684,28.730867372342868,-0.0086647957088898,0.0,0.0790894893472786,1.7893953714636105e-11
0.0,6.329662954022701,2.1805969925820605,776.7887042013115,27.59994858541486,-0.0086123289121908,0.0,0.0677992177315439,9.680335616114616e-12
0.0,6.83367221777236,2.241283531020362,930.790829949564,26.85531877464552,-0.0085711669233975,0.0,0.0544633195005837,6.000396334741758e-12
0.0,7.337074943640975,2.288383893292887,1099.753834835302,26.36151900000574,-0.0085434452026691,0.0,0.0413131221235182,5.5706550483591855e-12
0.0,7.839516388429381,2.323229036665628,1280.4325197229025,26.025961197005177,-0.0085482939661728,0.0,0.0300775330508542,9.546085077998252e-12
0.0,8.341094293534763,2.348312615839648,1470.1004157751145,25.790195693531256,-0.0070323106829128,0.0,0.0214104133927722,1.172804738154071e-11
0.0,8.84207525953377,2.366194810856439,1666.7560075415552,25.61907383135452,-0.0048928707152848,0.0,0.0151424223465731,9.38699211259599e-12
0.0,9.342689058717106,2.3789909811873984,1868.9631848784009,25.491540080333863,-0.0034650140152364,0.0,0.0107734555175872,1.7337242752546445e-12
0.0,9.843084842052832,2.388274716636769,2075.6692449808183,25.39458821773435,-0.0025089996558926,0.0,0.0077834170617706,1.261377065130086e-11
0.0,10.343349924529974,2.395153044111885,2286.079355996619,25.319797286040213,-0.0018657483828138,0.0,0.0057487541080228,9.273339790055444e-12
0.0,10.843534142090494,2.400381333330386,2499.577828191488,25.26144918199777,-0.001428260730179,0.0,0.004359360439909,7.364122774455795e-12
0.0,11.34366634035206,2.4044669294574743,2715.678204617753,25.21550595230869,-0.0011258694232297,0.0,0.0034003297970844,6.746900580928367e-12
0.0,11.843763775996711,2.4077485442634163,2933.9902590320416,25.179033989839272,-0.0009124659076052,0.0,0.0027272061814641,1.3910009685083167e-11
0.0,12.343837189045397,2.410452588721357,3154.197165306088,25.14986068703679,-0.000758151245202,0.0,0.0022445287784027,2.8421709430404007e-12
0.0,12.843893527258018,2.412731500069512,3376.0390956159986,25.12635622952852,-0.0006435639540961,0.0,0.0018897514381543,5.866870070372493e-12
0.0,13.34393744203026,2.414689186125991,3599.301096160222,25.107286869181703,-0.0005561315943415,0.0,0.0016219959796024,9.38699211259599e-12
0.0,13.843972139225937,2.4163976767065303,3823.8039353624176,25.091712020650785,-0.0004876368694842,0.0,0.001414482619606,2.387423592153937e-12
0.0,14.343999882720828,2.417907938349137,4049.397087109769,25.07891007471316,-0.0004326545315355,0.0,0.0012495510352601,4.4001525527793695e-12
0.0,14.844022304207549,2.419256879765738,4275.9532629483965,25.06832402368454,-0.0003875539195875,0.0,0.0011154310547234,1.475343864795677e-09
0.0,15.34404060003601,2.420471896901305,4503.364234217346,25.059521223223424,-0.0003498642726396,0.0,0.0010041659434192,1.0697304429380048e-09
0.0,15.844055661332405,2.421573835267239,4731.5373134272295,25.052163454488607,-0.0003178709389958,0.0,0.000910280698421,7.84067498022541e-10
0.0,16.344068160221195,2.42257893871675,4960.39276243676,25.045984550207034,-0.0002903577758173,0.0,0.0008299311653484,5.806883317882941e-10
0.0,16.84407861000574,2.423500145372325,5189.861606342432,25.040773623597914,-0.0002664420417749,0.0,0.0007603568974152,4.3437564240562725e-10
0.0,17.34408740691642,2.4243479626518605,5419.883887388227,25.03636244785196,-0.0002454677704722,0.0,0.0006995288245039,3.28040132546695e-10
0.0,17.84409485985488,2.425131068489784,5650.407244604707,25.0326159200769,-0.0002269362348187,0.0,0.0006459202458628,2.499933839605655e-10
0.0,18.344101211845413,2.425856732699573,5881.385751316735,25.029424821849457,-0.000210460035422,0.0,0.0005983564801513,1.9217625894910768e-10
0.0,18.84410665570361,2.4265311186693386,6112.778958148821,25.0267002943656,-0.0001957323393832,0.0,0.0005559148628023,1.489279062515966e-10
0.0,19.344111345614223,2.427159504205335,6344.551100809594,25.02436959804755,-0.0001825059114317,0.0,0.0005178571888837,1.1633324808004883e-10
0.0,19.844115405777263,2.4277464467753926,6576.670440789445,25.02237283835541,-0.0001705785546997,0.0,0.0004835832559622,9.153086874245548e-11
0.0,20.344118936928005,2.4282959097663035,6809.108713878649,25.02066042187827,-0.0001597827894583,0.0,0.000452598286808,7.253568262336149e-11
0.0,20.844122021298464,2.428811360835486,7041.840666628902,25.01919106730973,-0.0001499783907702,0.0,0.0004244896089265,5.784983674319551e-11
0.0,21.34412472642485,2.4292958498643507,7274.843664922189,25.017930240435355,-0.0001410468724268,0.0,0.0003989096067784,4.6445494057355e-11
0.0,21.844127108092565,2.4297520716905137,7508.097361961168,25.016848915051032,-0.0001328873341314,0.0,0.0003755630006057,3.751519129294456e-11
0.0,22.34412921263106,2.4301824172578765,7741.583415463868,25.01592258594311,-0.0001254132744225,0.0,0.0003541971671562,3.0477003959050233e-11
0.0,22.84413107871463,2.430589015793544,7975.285245792423,25.015130477997342,-0.0001185501015374,0.0,0.0003345946417993,2.4888462842166432e-11
0.0,23.3441327387848,2.4309737699197704,8209.187828287028,25.01445490884295,-0.0001122331651436,0.0,0.0003165672163915,2.0434502315555712e-11
0.0,23.84413422018096,2.4313383851238406,8443.27751430562,25.013880772408683,-0.0001064061734447,0.0,0.0002999512271949,1.854667958011089e-11
0.0,24.34413554604429,2.431684394666394,8677.541876452711,25.01339511825443,-0.0001010199113675,0.0,0.000284603746505,1.3983404482849735e-11
0.0,24.844136736044693,2.4320131807625147,8911.969574272078,25.01298680719737,-9.603118766176388e-05,0.0,0.0002703994720174,1.1647098168736576e-11
0.0,25.34413780696832,2.4323259926895333,9146.550237317606,25.01264622804534,-9.14019660803255e-05,0.0,0.0002572281630058,9.73948770739731e-12
0.0,25.84413877319508,2.432623962340884,9381.274363035456,25.012365063530822,-8.709864186078395e-05,0.0,0.0002449925106453,8.17448959425887e-12
0.0,26.344139647088447,2.432908117643197,9616.133227314072,25.01213609605782,-8.309143581299503e-05,0.0,0.0002336063569803,6.89873205648595e-12
0.0,26.844140439315275,2.4331793941751334,9851.118805905446,25.011953045821016,-7.9353882393159e-05,0.0,0.0002229931966773,5.838183280145709e-12
0.0,27.34414115910932,2.4334386452648773,10086.22370520569,25.01181043536806,-7.586239844532726e-05,0.0,0.0002130849100333,4.96013153350038e-12
0.0,27.84414181448929,2.4336866507946646,10321.441101118657,25.01170347585793,-7.259591527023165e-05,0.0,0.0002038206866195,7.909613350341409e-12
0.0,28.344142412440075,2.4339241249017243,10556.764684921029,25.01162797119511,-6.953556327837139e-05,0.0,0.0001951461069469,3.813465545742121e-12
0.0,28.844142959063863,2.43415172273371,10792.18861520968,25.01158023695166,-6.666440460839864e-05,0.0,0.0001870123559738,1.1182556805655096e-11
0.0,29.34414345970677,2.434370046391156,11027.707475147416,25.01155703157029,-6.396720036357014e-05,0.0,0.0001793755471094,6.544098596350523e-12
0.0,29.844143919065147,2.434579650168597,11263.316234336497,25.01155549780408,-6.143021092190983e-05,0.0,0.0001721961392637,1.8480640721673355e-11
0.0,30.344144341275324,2.4347810451888057,11499.010214744774,25.01157311271907,-5.90410222329667e-05,0.0,0.0001654384325675,2.3467480281489974e-12
0.0,30.844144729989512,2.434974703510308,11734.785060189532,25.01160764488431,-5.6788397544125487e-05,0.0,0.0001590701308588,1.9067327728710603e-11
0.0,31.344145088440243,2.435161061776461,11970.636708951995,25.01165711761428,-5.466214391772367e-05,0.0,0.0001530619610009,7.389644451905042e-12
0.0,31.844145419495227,2.4353405244645487,12206.56136915335,25.01171977732406,-5.265300056843349e-05,0.0,0.0001473873408454,4.4001525527793695e-12
0.0,32.34414572570424,2.4355134667848723,12442.555496571536,25.011794066216623,-5.075253702436208e-05,0.0,0.0001420220887702,6.545886910627373e-12
0.0,32.84414600933924,2.435680237272942,12678.615774620936,25.011878598651062,-4.8953066848639705e-05,0.0,0.0001369441690581,6.273141622684565e-12
0.0,33.3441462724289,2.43584116011186,12914.7390962517,25.01197214064768,-4.7247569236838415e-05,0.0,0.0001321334681101,1.144039663722636e-11
0.0,33.84414651678826,2.435996537217004,13150.922547556936,25.012073592073254,-4.5629622166326e-05,0.0,0.0001275715973431,6.746900580928367e-12
0.0,34.3441467440444,2.4361466501108,13387.163392902048,25.012181971121976,-4.409334226359392e-05,0.0,0.0001232417191719,1.9654014735747853e-11
0.0,34.84414695565866,2.4362917616117703,13623.459061413463,25.01229640076803,-4.2633330597750215e-05,0.0,0.000119128393085,3.5456887432564938e-12
0.0,35.34414715294587,2.4364321173589345,13859.80713468331,25.012416096915576,-4.124462671597789e-05,0.0,0.0001152174392051,4.46931380793103e-12
0.0,35.84414733709117,2.4365679471898694,14096.205335563933,25.01254035801273,-3.99226664982062e-05,0.0,0.0001114958170705,2.0463630789890885e-12
0.0,36.34414750916458,2.4366994663885784,14332.651517941,25.012668555932446,-3.866324424375117e-05,0.0,0.0001079515177948,8.58335624798201e-12
0.0,36.844147670133786,2.4368268768172063,14569.143657386196,25.01280012795036,-3.7462480139430176e-05,0.0,0.0001045734678885,8.506961602040115e-12
0.0,37.34414782087534,2.436950367944032,14805.679842602736,25.012934569676144,-3.631679044769863e-05,0.0,0.000101351443383,2.0534045246303727e-11
0.0,37.84414796218446,2.4370701177785885,15042.25826758548,25.01307142881403,-3.522286029112516e-05,0.0,9.827599296161116e-05,3.979039320256561e-12
0.0,38.34414809478366,2.43718629372358,15278.877224427286,25.013210299646666,-3.417762049476857e-05,0.0,9.533836909311457e-05,1.320045765833811e-11
0.0,38.84414821933037,2.4372990533520364,15515.53509670976,25.013350818150577,-3.317822528539834e-05,0.0,9.253046618090763e-05,9.973679119633238e-12
0.0,39.34414833642361,2.43740854511727,15752.230353423573,25.01349265766456,-3.222203448654562e-05,0.0,8.984476496183895e-05,1.7307266707598854e-11
0.0,39.84414844660998,2.437514909002282,15988.961543369474,25.013635525042755,-3.130659372765847e-05,0.0,8.727428242934812e-05,1.1709744285326451e-11
0.0,40.34414855038887,2.437618277114564,16225.72728999596,25.013779157233387,-3.0429621658000755e-05,0.0,8.481252666989377e-05,5.280183063335244e-12
0.0,40.84414864821717,2.437718774231532,16462.526286634446,25.01392331823195,-2.9588993637989575e-05,0.0,8.245345604782527e-05,7.091377486512988e-12
0.0,41.34414874051337,2.437816518301357,16699.357292096163,25.01406779636435,-2.878272941695129e-05,0.0,8.019144231817316e-05,4.6824766286590594e-12
0.0,41.844148827661286,2.43791162090332,16936.219126599357,25.014212401861123,-2.8008982036426777e-05,0.0,7.802123718393466e-05,1.0267022623151864e-11
0.0,42.34414891001335,2.438004187671478,17173.11066799824,25.01435696468896,-2.72660269633106e-05,0.0,7.59379419644019e-05,8.58335624798201e-12
0.0,42.84414898789356,2.438094318685034,17410.030848287435,25.014501332610124,-2.655225154169669e-05,0.0,7.393698007518428e-05,2.5227541302601718e-11
0.0,43.344149061600085,2.4381821088283475,17646.97865035897,25.01464536944342,-2.586614824384753e-05,0.0,7.201407195558902e-05,1.0560366126670487e-11
0.0,43.84414913140765,2.438267648123372,17883.95310499049,25.014788953504663,-2.520630538992089e-05,0.0,7.016521227857829e-05,1.2320427147782235e-11
0.0,44.34414919756965,2.438351022036891,18120.95328804601,25.01493197620612,-2.457140011472169e-05,0.0,6.838664913845213e-05,1.144039663722636e-11
0.0,44.84414926032004,2.4384323117648043,18357.97831787116,25.015074340797764,-2.396019136039856e-05,0.0,6.667486509437751e-05,9.093648609077364e-12
0.0,45.34414931987504,2.438511594495393,18595.02735286811,25.01521596123477,-2.3371514614969853e-05,0.0,6.502655980971215e-05,2.749800387391588e-12
0.0,45.84414937643473,2.4385889436533548,18832.09958923512,25.01535676115761,-2.2804276070791875e-05,0.0,6.343863417524899e-05,4.547473508864641e-12
0.0,46.344149430184345,2.4386644291262933,19069.194258858224,25.01549667297284,-2.2257447152829284e-05,0.0,6.190817581978647e-05,1.7013923204080228e-11
0.0,46.84414948129562,2.438738117474988,19306.310627342977,25.015635637023674,-2.173006052027794e-05,0.0,6.043244572334555e-05,1.9654014735747853e-11
0.0,47.3441495299279,2.4388100721289168,19543.447992175694,25.015773600841275,-2.122120536597755e-05,0.0,5.9008866043869006e-05,1.0560366126670487e-11
0.0,47.84414957622912,2.4388803535681256,19780.60568100394,25.015910518468043,-2.0730023680667876e-05,0.0,5.763500884384753e-05,1.2613770651300859e-11
0.0,48.344149620336815,2.4389490194926013,20017.783050027923,25.01604634984586,-2.0255706150507105e-05,0.0,5.630858578372448e-05,8.182358638284217e-12
0.0,48.84414966237891,2.439016124980096,20254.97948249365,25.01618106026214,-1.9797489550550434e-05,0.0,5.502743858845619e-05,5.454905758856144e-12
0.0,49.344149702474525,2.43908172263334,20492.19438728153,25.016314619848536,-1.935465348231054e-05,0.0,5.378953029432465e-05,7.333587587965616e-12
0.0,49.84414974073464,2.439145862717454,20729.42719758207,25.016447003126327,-1.892651726793212e-05,0.0,5.259293715767145e-05,1.0672351891116703e-11
0.0,50.34414977726275,2.4392085932883134,20966.67736965372,25.01657818859437,-1.851243683835337e-05,0.0,5.143584120066117e-05,6.252776074688882e-12
0.0,50.84414981215546,2.4392699603125445,21203.944381656027,25.01670815835513,-1.8111804211393117e-05,0.0,5.0316523299285886e-05,7.040244084446992e-12
0.0,51.34414984550298,2.4393300077798004,21441.22773255349,25.01683689777518,-1.7724042887766243e-05,0.0,4.923335682136184e-05,1.2027083644263612e-11
0.0,51.84414987738966,2.439388777807874,21678.526941084445,25.016964395176814,-1.7348607120850854e-05,0.0,4.818480171639077e-05,4.106809049260745e-12
0.0,52.344149907894376,2.4394463107411672,21915.84154479112,25.01709064155768,-1.6984980886851918e-05,0.0,4.716939904017864e-05,7.936762358440319e-12
0.0,52.844149937090975,2.4395026452430346,22153.171099106672,25.01721563033599,-1.6632672293727568e-05,0.0,4.618576590044984e-05,1.0267022623151864e-11
0.0,53.34414996504862,2.439557818382403,22390.515176494413,25.01733935711859,-1.6291217885274273e-05,0.0,4.5232590739080486e-05,5.81223957851762e-12
0.0,53.84414999183216,2.439611865715096,22627.873365637195,25.017461819489963,-1.5960175957297564e-05,0.0,4.430862896671166e-05,4.636669895027723e-12
0.0,54.3441500175024,2.439664821360235,22865.24527067237,25.017583016820097,-1.56391270596143e-05,0.0,4.34126989053423e-05,1.6364717276568433e-12
0.0,54.84415004211643,2.439716718072065,23102.63051046976,25.01770295008942,-1.5327673209023745e-05,0.0,4.254367801157897e-05,3.1974441883530087e-11
0.0,55.34415006572789,2.4397675873075024,23340.02871795028,25.017821621729475,-1.5025435749698602e-05,0.0,4.170049935879341e-05,3.460343123151688e-12
0.0,55.84415008838715,2.439817459289732,23577.439539441653,25.017939035477564,-1.4732054257853572e-05,0.0,4.088214837463132e-05,2.288079327445272e-11
0.0,56.34415011024812,2.4398663618711,23814.85664934428,25.018055193337755,-1.4447192901982434e-05,0.0,4.008667858339251e-05,1.959674893869069e-09
0.0,56.84415013103418,2.439914325434829,24052.29186503779,25.01817010720316,-1.4170511600248302e-05,0.0,3.9316161778893424e-05,1.8396669671742347e-09
0.0,57.34415015111192,2.439961375574069,24289.73861349652,25.018283780908547,-1.3901706726481798e-05,0.0,3.856666868983102e-05,1.744751606970137e-09
0.0,57.84415017040892,2.440007538166865,24527.1967121874,25.01839622226066,-1.364048182592902e-05,0.0,3.783843039300646e-05,1.6542001713731255e-09
0.0,58.3441501889651,2.440052838093977,24764.66583356142,25.018507439741544,-1.338655488427891e-05,0.0,3.713062703348069e-05,1.584922868235652e-09
0.0,58.84415020681509,2.4400972993208216,25002.14569373,25.01861744251599,-1.31396559165287e-05,0.0,3.6442506075447466e-05,1.512099876354923e-09
0.0,59.34415022399209,2.4401409449330043,25239.63601747422,25.01872624033853,-1.289952853895144e-05,0.0,3.577334425092621e-05,1.427003346516767e-09
0.0,59.844150240527455,2.440183797176535,25477.13653909876,25.01883384348456,-1.2665926842150928e-05,0.0,3.512245137703559e-05,1.3609989868346079e-09
0.0,60.34415025645078,2.440225877495634,25714.64700185475,25.0189402626867,-1.2438616687287014e-05,0.0,3.448916838109214e-05,1.2889942308177062e-09
0.0,60.84415027179007,2.4402672065685187,25952.16715757245,25.01904550907696,-1.2217374053537312e-05,0.0,3.3872865635495234e-05,1.2257173240149755e-09
0.0,61.34415028657181,2.440307804341296,26189.696766303747,25.01914959413376,-1.20019846350416e-05,0.0,3.327294139476258e-05,1.165713360667558e-09
0.0,61.84415030082102,2.440347690060087,26427.23559598361,25.01925252963394,-1.1792244109526375e-05,0.0,3.268882034491394e-05,1.12316509574848e-09
0.0,62.344150314561446,2.44038688230146,26664.78342210781,25.019354327608724,-1.158795634396553e-05,0.0,3.2119952204367406e-05,1.073798198630832e-09
0.0,62.84415032781553,2.4404253990012887,26902.34002742652,25.0194550003038,-1.138893407933264e-05,0.0,3.156581043408792e-05,1.0230675750734699e-09
0.0,63.34415034060455,2.4404632574821425,27139.9052016528,25.01955456014276,-1.1194997537565635e-05,0.0,3.1025891021668844e-05,9.638818475898806e-10
0.0,63.84415035294869,2.4405004744792778,27377.478741185027,25.019653019694005,-1.1005975155949576e-05,0.0,3.049971133647469e-05,9.164241674878319e-10
0.0,64.34415036486709,2.4405370661653114,27615.0604488424,25.019750391640425,-1.0821702015004654e-05,0.0,2.9986809039844583e-05,8.858766952382375e-10
0.0,64.84415037637791,2.4405730481736736,27852.650133613075,25.01984668875205,-1.0642020768846814e-05,0.0,2.948674108278675e-05,8.520562795333294e-10
0.0,65.34415038749839,2.440608435620896,28090.24761041416,25.019941923860955,-1.04667795099025e-05,0.0,2.8999082745412608e-05,7.93416042625626e-10
0.0,65.84415039824489,2.4406432431277865,28327.85269986274,25.02003610983868,-1.0295833226257438e-05,0.0,2.852342672233745e-05,7.661415138313451e-10
0.0,66.344150408633,2.440677484839596,28565.46522805725,25.020129259575533,-1.0129043357852982e-05,0.0,2.805938229112293e-05,7.342303151420371e-10
0.0,66.84415041867747,2.440711174445195,28803.085026369583,25.020221385962103,-9.96627516045506e-06,0.0,2.7606574501595296e-05,6.99864408861243e-10
0.0,67.3441504283924,2.4407443251953285,29040.711931245616,25.0203125018722,-9.807400536245172e-06,0.0,2.7164643407790496e-05,6.704079177634202e-10
0.0,67.84415043779116,2.440776949920008,29278.345784015582,25.020402620147667,-9.65229712095676e-06,0.0,2.673324337073741e-05,6.53224964623023e-10
0.0,68.34415044688647,2.4408090610450786,29515.98643071255,25.02049175358464,-9.50084565575237e-06,0.0,2.6312042369010045e-05,6.199500394940008e-10
0.0,68.84415045569048,2.440840670608015,29753.63372189881,25.02057991492104,-9.352932463308785e-06,0.0,2.5900721369229124e-05,6.065855203848033e-10
0.0,69.34415046421472,2.4408717902729635,29991.28751250028,25.020667116825432,-9.208448154657384e-06,0.0,2.549897370434096e-05,5.739798791929808e-10
0.0,69.8441504724702,2.440902431345118,30228.947661647857,25.020753371886983,-9.067287786369806e-06,0.0,2.510650452760799e-05,5.532041780707705e-10
0.0,70.34415048046742,2.4409326047844204,30466.614032525824,25.02083869260652,-8.929349987663624e-06,0.0,2.4723030251059165e-05,5.33337961755071e-10
0.0,70.84415048821637,2.440962321218635,30704.286492226653,25.02092309138844,-8.794537324345405e-06,0.0,2.434827803967194e-05,5.14319136905678e-10
0.0,71.3441504957266,2.4409915909558464,30941.964911612104,25.02100658053362,-8.66275607879735e-06,0.0,2.398198532665184e-05,4.961075254789311e-10
0.0,71.8441505030072,2.4410204239963824,31179.649165180326,25.02108917223305,-8.533916152046365e-06,0.0,2.362389935002136e-05,4.786702545300157e-10
0.0,72.3441505100669,2.441048830044225,31417.33913093816,25.02117087856229,-8.407930540145745e-06,0.0,2.327377672319029e-05,4.6196349346584764e-10
0.0,72.84415051691397,2.441076818517895,31655.03469027929,25.02125171147645,-8.284715568527577e-06,0.0,2.2931383009739804e-05,4.45954369341613e-10
0.0,73.34415052355637,2.4411043985608867,31892.735727867148,25.021331682806064,-8.164190483827862e-06,0.0,2.259649234594242e-05,4.3060635666307477e-10
0.0,73.84415053000166,2.441131579051624,32130.442131522723,25.0214108042532,-8.046277494520977e-06,0.0,2.226888705219075e-05,4.15886582485419e-10
0.0,74.34415053625709,2.441158368613,32368.153792117137,25.021489087388343,-7.93090174536982e-06,0.0,2.1948357289934327e-05,4.017767840615272e-10
0.0,74.8441505423296,2.441184775621513,32605.870603468047,25.0215665436477,-7.817990780777642e-06,0.0,2.163470072728255e-05,3.8822947824889056e-10
0.0,75.34415054822581,2.4412108082159896,32843.59246224102,25.0216431843308,-7.707475342642107e-06,0.0,2.132772219883186e-05,3.7523005484981455e-10
0.0,75.84415055395205,2.4412364743059705,33081.319267854386,25.02171902059869,-7.599287506337319e-06,0.0,2.10272334361041e-05,3.627492934689089e-10
0.0,76.3441505595144,2.4412617815797204,33319.05092238763,25.021794063472424,-7.493362693876944e-06,0.0,2.0733052746690685e-05,3.5077258390847884e-10
0.0,76.84415056491868,2.4412867375119203,33556.787330494335,25.021868323831782,-7.3896381934558785e-06,0.0,2.044500476134732e-05,3.3926340067428685e-10
0.0,77.34415057017044,2.441311349371025,33794.528399317474,25.02194181241444,-7.28805341398616e-06,0.0,2.0162920157322493e-05,3.2819982846979086e-10
0.0,77.84415057527504,2.4413356242263293,34032.27403840866,25.022014539815324,-7.188549530619433e-06,0.0,1.988663541544496e-05,3.175745621961431e-10
0.0,78.34415058023755,2.441359568954755,34270.02415965053,25.022086516486304,-7.091070919654354e-06,0.0,1.961599259518922e-05,3.0735472890852997e-10
0.0,78.84415058506292,2.4413831902473304,34507.77867718168,25.022157752735936,-6.99556260989888e-06,0.0,1.935083907732644e-05,2.9753667605752783e-10
0.0,79.34415058975583,2.4414064946154515,34745.537507324974,25.02222825872975,-6.901971226378908e-06,0.0,1.909102738962238e-05,2.8808387814889926e-10
0.0,79.8441505943208,2.441429488396856,34983.300568518454,25.022298044490224,-6.810246323909071e-06,0.0,1.8836414963694856e-05,2.789926826332206e-10
0.0,80.34415059876213,2.4414521777613785,35221.06778124844,25.022367119897503,-6.720338852637043e-06,0.0,1.8586863965375707e-05,2.702411742139493e-10
0.0,80.84415060308397,2.4414745687164765,35458.83906798592,25.02243549468973,-6.632200411598944e-06,0.0,1.8342241091979112e-05,2.618293528910855e-10
0.0,81.34415060729035,2.441496667112541,35696.6143531245,25.022503178464003,-6.545785833098118e-06,0.0,1.810241741087958e-05,2.5371704062096803e-10
0.0,81.84415061138506,2.441518478647988,35934.39356292131,25.02257018067707,-6.46104931837156e-06,0.0,1.7867268166332012e-05,2.4591154250244435e-10
0.0,82.34415061537179,2.441540008874168,36172.17662543967,25.022636510646368,-6.377948527170631e-06,0.0,1.7636672641803444e-05,2.383909432389721e-10
0.0,82.84415061925404,2.441561263200082,36409.96347049424,25.02270217755101,-6.296441226774133e-06,0.0,1.7410513987000745e-05,2.3114063263285623e-10
0.0,83.34415062303525,2.441582246896911,36647.75402959759,25.0227671904331,-6.216487180530827e-06,0.0,1.718867907687083e-05,2.2416426323352075e-10
0.0,83.84415062671866,2.4416029651023825,36885.548235909366,25.022831558198806,-6.138047063184312e-06,0.0,1.6971058372605395e-05,2.174362671949992e-10
0.0,84.34415063030741,2.441623422824964,37123.346024186765,25.02289528961976,-6.0610823564346095e-06,0.0,1.6757545777749985e-05,2.1094203431959663e-10
0.0,84.84415063380452,2.441643624947905,37361.14733073719,25.022958393334378,-5.985557239086985e-06,0.0,1.654803851763889e-05,2.0468886970616079e-10
0.0,85.34415063721288,2.441663576233128,37598.9520933723,25.023020877849355,-5.911435146423487e-06,0.0,1.634243701238233e-05,1.9865120550872528e-10
0.0,85.84415064053529,2.441683281324972,37836.76025136355,25.02308275154113,-5.838682324451108e-06,0.0,1.6140644756963817e-05,1.9282904172729023e-10
0.0,86.34415064377446,2.441702744753796,38074.57174540011,25.02314402265732,-5.767264548888837e-06,0.0,1.594256820466623e-05,1.8720776816416063e-10
0.0,86.84415064693296,2.441721970939464,38312.38651754695,25.02320469931837,-5.697149704829808e-06,0.0,1.5748116673592427e-05,1.8179103736876035e-10
0.0,87.34415065001328,2.4417409641946897,38550.20451120559,25.02326478951916,-5.6283063246729385e-06,0.0,1.5557202224095698e-05,1.7654962894569928e-10
0.0,87.84415065301782,2.441759728728257,38788.02567107569,25.023324301130472,-5.560703719333082e-06,0.0,1.536973956596356e-05,1.7149815309267252e-10
0.0,88.34415065594891,2.4417782686481453,39025.84994311752,25.02338324190079,-5.494312121001104e-06,0.0,1.5185645971601692e-05,1.6661469451313758e-10
0.0,88.84415065880877,2.441796587964519,39263.67727451685,25.02344161945785,-5.429102898071203e-06,0.0,1.5004841171891569e-05,1.6189925320709455e-10
0.0,89.34415066159956,2.441814690592625,39501.50761364973,25.02349944131032,-5.365048205983967e-06,0.0,1.4827247274481695e-05,1.5733721897684838e-10
0.0,89.84415066432332,2.4418325803555887,39739.34091004963,25.02355671484949,-5.302120600958787e-06,0.0,1.4652788683625752e-05,1.5293589692124658e-10
0.0,90.34415066698207,2.4418502609871053,39977.177114374535,25.02361344735095,-5.240294459367017e-06,0.0,1.4481392012699836e-05,1.4868432939201799e-10
0.0,90.84415066957772,2.441867736134044,40215.01617837634,25.02366964597628,-5.179543786371381e-06,0.0,1.431298601447938e-05,1.4457155874089128e-10
0.0,91.34415067211216,2.4418850093589426,40452.85805487017,25.023725317774662,-5.119843571470544e-06,0.0,1.4147501490322564e-05,1.405902798690192e-10
0.0,91.84415067458714,2.4419020841424524,40690.70269770558,25.02378046968464,-5.061169806577271e-06,0.0,1.3984871247094455e-05,1.3674049277640148e-10
0.0,92.34415067700442,2.441918963885662,40928.55006173796,25.023835108535817,-5.003499510259426e-06,0.0,1.3825030001910225e-05,1.3301854491361464e-10
0.0,92.84415067936568,2.441935651912365,41166.40010280158,25.02388924105041,-4.946809958889247e-06,0.0,1.3667914331507228e-05,1.2942078373123474e-10
0.0,93.3441506816725,2.441952151471247,41404.25277768283,25.023942873845005,-4.891078222557679e-06,0.0,1.3513462610074408e-05,1.259472092292619e-10
0.0,93.84415068392646,2.441968465737985,41642.10804409503,25.023996013432225,-4.836283643312035e-06,0.0,1.3361614935088887e-05,1.2257225356172993e-10
0.0,94.34415068612904,2.4419845978172963,41879.96586065324,25.0240486662223,-4.7824049935814745e-06,0.0,1.3212313083350249e-05,1.1930322182748626e-10
0.0,94.84415068828174,2.4420005507449063,42117.826186850616,25.02410083852474,-4.729421874362419e-06,0.0,1.3065500451917413e-05,1.1614011402653095e-10
0.0,95.34415069038592,2.4420163274894526,42355.6889830352,25.02415253654992,-4.677314594756389e-06,0.0,1.2921121997046758e-05,1.1307562506001652e-10
0.0,95.84415069244297,2.442031930954335,42593.55421038723,25.02420376641076,-4.626064070557634e-06,0.0,1.2779124196000083e-05,1.1010975492794295e-10
0.0,96.34415069445416,2.442047363979489,42831.4218308976,25.024254534124218,-4.575651712035297e-06,0.0,1.2639454979986246e-05,1.07246156179734e-10
0.0,96.8441506964208,2.442062629343117,43069.29180734672,25.02430484561292,-4.526059142129352e-06,0.0,1.2502063703965109e-05,1.0446656606827096e-10
0.0,97.3441506983441,2.4420777297633616,43307.164103284005,25.02435470670669,-4.477268885381021e-06,0.0,1.2366901092689226e-05,1.0176733204413011e-10
0.0,97.84415070022524,2.442092667899901,43545.03868300829,25.02440412314412,-4.429263063098305e-06,0.0,1.223391918541414e-05,9.915941175558268e-11
0.0,98.34415070206536,2.442107446355533,43782.9155115484,25.024453100574004,-4.3820261560520495e-06,0.0,1.2103071317692682e-05,9.662088990608624e-11
0.0,98.84415070386558,2.4421220676776816,44020.79455464461,25.02450164455694,-4.335540398516329e-06,0.0,1.1974312061865609e-05,9.417002924275942e-11
0.0,99.344150705627,2.44213653435986,44258.675778730845,25.02454976056676,-4.289791247931842e-06,0.0,1.1847597194199449e-05,9.179221956790732e-11
0.0,99.84415070735064,2.442150848843081,44496.55915091683,25.02459745399194,-4.2447624554818765e-06,0.0,1.1722883646481047e-05,8.948380833210624e-11
0.0,100.3441507090375,2.4421650135172537,44734.4446389715,25.0246447301372,-4.200439106964567e-06,0.0,1.160012949513712e-05,8.724114298593238e-11
0.0,100.84415071068857,2.442179030722492,44972.33221130626,25.02469159422472,-4.156806837417598e-06,0.0,1.1479293894841826e-05,8.507152862823323e-11
0.0,101.34415071230475,2.442192902750418,45210.22183695904,25.02473805139568,-4.1138510138823286e-06,0.0,1.1360337066972818e-05,8.296766016016135e-11
0.0,101.84415071388705,2.442206631845405,45448.1134855792,25.02478410671161,-4.071557444220239e-06,0.0,1.124322025409003e-05,8.092223248286924e-11
0.0,102.34415071543626,2.442220220205794,45686.00712741201,25.024829765155744,-4.0299131284110265e-06,0.0,1.1127905695289472e-05,7.893159304693317e-11
0.0,102.84415071695328,2.442233669985065,45923.90273328422,25.02487503163433,-3.988904827851314e-06,0.0,1.10143565962284e-05,7.701035205004808e-11
0.0,103.34415071843893,2.4422469832929767,46161.800274590176,25.024919910978,-3.948519455474128e-06,0.0,1.0902537089598328e-05,7.514389929451902e-11
0.0,103.844150719894,2.44226016219667,46399.699723277685,25.024964407943024,-3.908744331632199e-06,0.0,1.0792412223137775e-05,7.332492968149854e-11
0.0,104.3441507213193,2.4422732087217387,46637.601051834885,25.025008527212627,-3.869567546585194e-06,0.0,1.0683947915443986e-05,7.155709576041034e-11
0.0,104.84415072271555,2.4422861248532746,46875.50423327714,25.02505227339821,-3.830976739555895e-06,0.0,1.05771109470912e-05,6.984770263010195e-11
0.0,105.34415072408356,2.4422989125368564,47113.409241134745,25.02509565104061,-3.7929605695632777e-06,0.0,1.0471868909338009e-05,6.818579264230209e-11
0.0,105.844150725424,2.442311573679555,47351.31604944035,25.0251386646113,-3.7555077064768047e-06,0.0,1.0368190217229336e-05,6.656771324758709e-11
0.0,106.34415072673752,2.44232411015086,47589.22463271721,25.02518131851363,-3.7186070506358784e-06,0.0,1.026604404720016e-05,6.500076954480438e-11
0.0,106.84415072802484,2.4423365237836068,47827.13496596771,25.02522361708391,-3.6822478354210424e-06,0.0,1.0165400338852989e-05,6.347400388568277e-11
0.0,107.3441507292866,2.4423488163748828,48065.047024661966,25.025265564592694,-3.6464193342476406e-06,0.0,1.0066229768090637e-05,6.198376372079851e-11
0.0,107.84415073052342,2.4423609896868688,48302.96078472728,25.025307165245785,-3.611111484653977e-06,0.0,9.96850371003338e-06,6.054465924784656e-11
0.0,108.34415073173592,2.4423730454477126,48540.87622253701,25.02534842318548,-3.5763142746415405e-06,0.0,9.872194250789327e-06,5.914208026913198e-11
0.0,108.8441507329247,2.4423849853523207,48778.79331490058,25.025389342491533,-3.542017159308761e-06,0.0,9.777274128832555e-06,5.7783331883502206e-11
0.0,109.34415073409032,2.442396811063176,49016.71203905367,25.02542992718235,-3.5082116759620658e-06,0.0,9.68371675165854e-06,5.646110899210981e-11
0.0,109.84415073523336,2.442408524211092,49254.63237264779,25.02547018121604,-3.474887977195564e-06,0.0,9.591496148264703e-06,5.5168106496107286e-11
0.0,110.34415073635434,2.442420126395976,49492.55429374165,25.025510108491343,-3.4420367492205225e-06,0.0,9.5005869707061e-06,5.3911629494342135e-11
0.0,110.8441507374538,2.4424316191875457,49730.47778079117,25.02554971284877,-3.409649369726726e-06,0.0,9.410964461232154e-06,5.269533053623808e-11
0.0,111.34415073853228,2.442443004126049,49968.40281264096,25.02558899807158,-3.377717200539447e-06,0.0,9.322604452952692e-06,5.4821802876504246e-11
0.0,111.84415073959023,2.442454282722947,50206.32936851548,25.025627967886752,-3.3462315326338465e-06,0.0,9.23548333719848e-06,5.0346741256775886e-11
0.0,112.34415074062818,2.4424654564615884,50444.25742801053,25.025666625965968,-3.3151842732633447e-06,0.0,9.149578060410255e-06,4.9221756034265225e-11
0.0,112.8441507416466,2.442476526797848,50682.18697108504,25.025704975926523,-3.284567042229253e-06,0.0,9.06486609238946e-06,4.8133296305991915e-11
0.0,113.3441507426459,2.4424874951607785,50920.11797805284,25.025743021332342,-3.254372257025644e-06,0.0,8.981325438286445e-06,4.706675187426103e-11
0.0,113.84415074362656,2.442498362953204,51158.05042957488,25.025780765694783,-3.224592043393512e-06,0.0,8.898934588418283e-06,4.603673293676749e-11
0.0,114.344150744589,2.442509131552344,51395.98430665191,25.02581821247369,-3.1952188968400067e-06,0.0,8.817672547136682e-06,4.5024976746392654e-11
0.0,114.84415074553368,2.442519802310372,51633.91959061663,25.02585536507816,-3.166245199559461e-06,0.0,8.737518775537713e-06,4.4038788401983956e-11
0.0,115.34415074646094,2.4425303765549904,51871.8562631266,25.025892226867423,-3.1376641723322755e-06,0.0,8.658453209227878e-06,4.3081820452965136e-11
0.0,115.84415074737122,2.442540855589989,52109.79430615753,25.02592880115172,-3.109468459211252e-06,0.0,8.580456236339658e-06,4.215042034991248e-11
0.0,116.34415074826492,2.4425512406957743,52347.73370199568,25.025965091193186,-3.0816510489497284e-06,0.0,8.503508684876126e-06,4.1240935543402236e-11
0.0,116.84415074914236,2.442561533129888,52585.67443323186,25.02600110020657,-3.0542052050627576e-06,0.0,8.427591805169525e-06,4.0360671132281886e-11
0.0,117.34415075000398,2.4425717341275206,52823.61648275466,25.026036831360106,-3.0271248105815696e-06,0.0,8.35268727187928e-06,3.9498669468280205e-11
0.0,117.84415075085008,2.44258184490201,53061.55983374412,25.026072287776348,-3.00040288155495e-06,0.0,8.278777163119133e-06,3.8654930551397206e-11
0.0,118.34415075168104,2.44259186664531,53299.50446966536,25.026107472532804,-2.974033386445259e-06,0.0,8.205843947580259e-06,3.7840412029904105e-11
0.0,118.8441507524972,2.442601800528472,53537.45037426295,25.026142388662866,-2.948009998140024e-06,0.0,8.133870484973428e-06,3.7040503706105936e-11
0.0,119.34415075329883,2.442611647702091,53775.39753155475,25.02617703915645,-2.9223266346324374e-06,0.0,8.06284000293846e-06,3.6262510678850185e-11
0.0,119.84415075408631,2.4426214092967604,54013.34592582611,25.02621142696076,-2.8969780841160355e-06,0.0,7.992736101038395e-06,3.5506432948136846e-11
0.0,120.34415075485995,2.4426310864234977,54251.2955416245,25.026245554981035,-2.8719577117781656e-06,0.0,7.923542728335669e-06,3.5729632720507746e-11
0.0,120.84415075562002,2.442640680174167,54489.24636375405,25.02627942608121,-2.8472600629355542e-06,0.0,7.855244181614253e-06,3.4045413178642484e-11
0.0,121.34415075636684,2.442650191621893,54727.19837727003,25.02631304308465,-2.822879641773061e-06,0.0,7.78782509494344e-06,3.334412368928519e-11
0.0,121.84415075710068,2.442659621821464,54965.15156747405,25.02634640877484,-2.798811268642441e-06,0.0,7.721270434793587e-06,3.2650139298775364e-11
0.0,122.34415075782184,2.4426689718097068,55203.10591990858,25.02637952589597,-2.775049388725116e-06,0.0,7.655565475166946e-06,3.1989027853079164e-11
0.0,122.84415075853056,2.4426782426058926,55441.06142035215,25.02641239715372,-2.7515888709598646e-06,0.0,7.5906958222444015e-06,3.1327916407382964e-11
0.0,123.34415075922716,2.4426874352120773,55679.01805481486,25.0264450252158,-2.7284245980317e-06,0.0,7.526647361538856e-06,3.272943455313687e-11
0.0,123.84415075991186,2.442696550613494,55916.97580953325,25.026477412712623,-2.705551825496848e-06,0.0,7.463406299861655e-06,3.0071439405617807e-11
0.0,124.34415076058492,2.442705589778881,56154.93467096591,25.026509562238,-2.682965657912137e-06,0.0,7.400959114252697e-06,2.947242130012512e-11
0.0,124.84415076124657,2.442714553660832,56392.894625789246,25.026541476349525,-2.6606611008612323e-06,0.0,7.339292569521493e-06,2.888436084290364e-11
0.0,125.34415076189708,2.4427234431961464,56630.85566089261,25.02657315756948,-2.638633445729148e-06,0.0,7.2783937149166255e-06,2.8911000521937563e-11
0.0,125.84415076253666,2.442732259306125,56868.81776337451,25.02660460838516,-2.6168784602772907e-06,0.0,7.218249845490114e-06,2.773746032385056e-11
0.0,126.34415076316554,2.442741002896922,57106.78092053823,25.026635831249635,-2.5953912467633384e-06,0.0,7.15884854295372e-06,2.718957791029017e-11
0.0,126.844150763784,2.4427496748598267,57344.74511988786,25.02666682858216,-2.574167838465296e-06,0.0,7.10017762061116e-06,2.6649000595577247e-11
0.0,127.34415076439215,2.4427582760715887,57582.71034912436,25.026697602768834,-2.5532037947180188e-06,0.0,7.04222515888693e-06,2.613399112683049e-11
0.0,127.84415076499032,2.442766807394704,57820.67659614147,25.026728156163177,-2.532494750183004e-06,0.0,6.984979472017263e-06,2.561898165808373e-11
0.0,130.84415080706526,2.442816574272825,59248.495568047365,25.02690696779799,-2.413372956095141e-06,0.0,6.79098394012557e-06,5.789290836621429e-12
0.0,133.84415092235224,2.4428640276295503,60676.345958050966,25.02707838936417,-2.302464439390158e-06,0.0,6.475161295486807e-06,4.5521723468020737e-11
0.0,136.8441510270878,2.4429093252786527,62104.22969558918,25.02724286268748,-2.1990299686237185e-06,0.0,6.180890823274765e-06,3.855631171695634e-11
0.0,139.84415112248422,2.442952610822368,63532.14294050416,25.027400795143546,-2.102413948859852e-06,0.0,5.906230794847797e-06,3.2803546374572265e-11
0.0,142.84415120955018,2.442994015434512,64960.08383415785,25.02755256367285,-2.0120291561937087e-06,0.0,5.649483318994588e-06,2.8007748981207007e-11
0.0,145.84415128917516,2.4430336591278383,66388.05066911434,25.027698517317187,-1.9273509076139463e-06,0.0,5.409123718365369e-06,2.4000902263368712e-11
0.0,148.8441513621371,2.4430716519165423,67816.04187604343,25.02783897969474,-1.8479087518999564e-06,0.0,5.183786180392563e-06,2.0629599145260462e-11
0.0,151.8441514291184,2.443108094836396,69244.05600973121,25.027974251224247,-1.7732799856381362e-06,0.0,4.972244292973247e-06,1.7798873341865125e-11
0.0,154.84415149071924,2.4431430808424373,70672.09173704659,25.028104611126142,-1.7030830302954624e-06,0.0,4.773394307913745e-06,1.5391843271623155e-11
0.0,157.8441515474691,2.4431766956010907,72100.14782628062,25.028230319225493,-1.6369739140959358e-06,0.0,4.586240709599763e-06,1.3346415594331042e-11
0.0,160.84415159983607,2.4432090181908688,73528.2231376803,25.02835161757837,-1.5746408548462392e-06,0.0,4.409883720152168e-06,1.1615107167480216e-11
0.0,163.8441516482351,2.4432401217237825,74956.31661502291,25.028468731940897,-1.5158024997218612e-06,0.0,4.243508462068294e-06,1.0139477200290906e-11
0.0,166.84415169303492,2.443270073897674,76384.42727809993,25.028581873097785,-1.4602022179894483e-06,0.0,4.086375517596559e-06,8.857432352559599e-12
0.0,169.84415173456384,2.44329893748834,77812.55421599867,25.02869123806557,-1.4076053904841362e-06,0.0,3.9378126996586285e-06,1.0364320941826674e-11
0.0,172.844151773115,2.4433267707889086,79240.696581084,25.02879701118369,-1.357801031629584e-06,0.0,3.79720784491576e-06,6.830267422386166e-12
0.0,175.8441518089504,2.4433536280029857,80668.85358359615,25.02889936510516,-1.310594322657078e-06,0.0,3.664002494494675e-06,8.15703060652595e-12
0.0,178.8441518423051,2.44337955959711,82097.02448679302,25.028998461697032,-1.265807450187986e-06,0.0,3.53768633577e-06,5.318111960959496e-12
0.0,181.84415187339,2.4434046126174134,83525.20860257451,25.02909445286037,-1.2232778366508746e-06,0.0,3.417792309614576e-06,7.909613350341409e-12
0.0,184.8441519023949,2.443428830974569,84953.40528753135,25.029187481277347,-1.1828565280135131e-06,0.0,3.303892278644327e-06,5.454905758856144e-12
0.0,187.8441519294908,2.443452255700759,86381.61393937525,25.02927768109305,-1.1444067060990285e-06,0.0,3.195593203204962e-06,3.703685115668221e-12
0.0,190.84415195483223,2.443474925181748,87809.83399370374,25.02936517853839,-1.1078012915226773e-06,0.0,3.092533741315428e-06,6.453557077409743e-12
0.0,193.8441519785589,2.443496875366872,89238.06492106772,25.02945009249996,-1.0729247248589442e-06,0.0,2.9943812305650755e-06,1.0637066229769482e-11
0.0,196.84415200079732,2.443518139959347,90666.30622430536,25.02953253504176,-1.039670458937857e-06,0.0,2.900828999672568e-06,5.573526566853869e-12
0.0,199.84415202166247,2.443538750588989,92094.55743611796,25.029612611883604,-1.007938122266186e-06,0.0,2.811593966186216e-06,1.0853709630189112e-11
0.0,202.84415204125852,2.4435587369692824,93522.81811686048,25.02969042284026,-9.776364537077815e-07,0.0,2.726414497750909e-06,1.7013923204080228e-11
0.0,205.8441520596808,2.4435781270403227,94951.08785252448,25.02976606222489,-9.486821760967632e-07,0.0,2.645048482874465e-06,2.727452879428072e-12
0.0,208.8441520770155,2.4435969470992047,96379.36625289737,25.02983961922014,-9.209952438898424e-07,0.0,2.567271615707388e-06,1.1147053133707738e-11
0.0,211.844152093342,2.4436152219190395,97807.65294987505,25.029911178219933,-8.945026749053131e-07,0.0,2.492875843211459e-06,2.1819623035424578e-12
0.0,214.8441521087324,2.4436329748577936,99235.94759591875,25.029980819144463,-8.6913760461538e-07,0.0,2.4216679746428062e-06,2.1174173525650986e-12
0.0,217.8441521232528,2.443650227957912,100664.2498626381,25.03004861773081,-8.44835714460087e-07,0.0,2.3534684225591498e-06,8.506961602040115e-12
0.0,220.84415213696383,2.44366700203765,102092.55943948976,25.03011464580144,-8.215370602369751e-07,0.0,2.288110071021926e-06,4.091179319142108e-12
0.0,223.8441521499212,2.443683316774915,103520.87603258116,25.030178971512324,-7.991939316170085e-07,0.0,2.2254372519707383e-06,8.21361809852149e-12
0.0,226.84415216217585,2.4436991907842813,104949.19936356923,25.03024165958274,-7.777467868786533e-07,0.0,2.1653048132283667e-06,4.693496056297995e-12
0.0,229.84415217426223,2.4437146373180383,106377.11788731994,25.03030275420166,-7.571590494672478e-07,0.0,2.106981215892619e-06,1.8901468436408286e-09
0.0,232.84415218472867,2.44372968239011,107805.49889135933,25.030362350722086,-7.373711223348954e-07,0.0,2.0522071161518573e-06,1.6105770581986574e-09
0.0,235.8441521952039,2.443744336295396,109233.83077328226,25.03042048287821,-7.183497178766438e-07,0.0,1.998838279093813e-06,1.598403110969346e-09
0.0,238.8441522050583,2.4437586148606063,110662.19129820814,25.030477206833204,-7.000549473894364e-07,0.0,1.947629195813428e-06,1.486357504846823e-09
0.0,241.84415221443984,2.4437725320629946,112090.55288134154,25.03053257191366,-6.824500749954624e-07,0.0,1.8983275231601889e-06,1.3997044223181121e-09
0.0,244.84415222334565,2.443786101500618,113518.92072348297,25.03058662640076,-6.655013246354784e-07,0.0,1.850881472810181e-06,1.314256681099234e-09
0.0,247.8441522318117,2.4437993360346515,114947.29311496578,25.03063941607227,-6.491756773138159e-07,0.0,1.805190472227684e-06,1.235946021454336e-09
0.0,250.84415223986323,2.443812247916364,116375.67022198306,25.03069098467289,-6.334442615799934e-07,0.0,1.7611712736426814e-06,1.162931558473855e-09
0.0,253.84415224752564,2.443824848802977,117804.05179794096,25.03074137394585,-6.182785222388563e-07,0.0,1.7187427968774393e-06,1.0950781478291126e-09
0.0,256.84415225482206,2.4438371497976843,119232.4377092154,25.030790623763306,-6.036491573926549e-07,0.0,1.6778294246079103e-06,1.031921915743295e-09
0.0,259.84415226177407,2.443849161481123,120660.82780474972,25.03083877222549,-5.895335407487942e-07,0.0,1.6383598354063375e-06,9.73072039428062e-10
0.0,262.8441522684018,2.4438608939419884,122089.22194585438,25.030885855758484,-5.759082102195932e-07,0.0,1.6002668879455202e-06,9.182143996329719e-10
0.0,265.84415227472385,2.443872356805253,123517.61999863115,25.0309319092048,-5.627490018495958e-07,0.0,1.5634872925947215e-06,8.670312245581607e-10
0.0,268.8441522807578,2.4438835592585098,124946.0218353106,25.03097696590804,-5.500363213209353e-07,0.0,1.5279613557723462e-06,8.192230051508812e-10
0.0,271.8441522865198,2.44389451007655,126374.42733355032,25.031021057792582,-5.377502096805693e-07,0.0,1.4936327391757456e-06,7.745486731491672e-10
0.0,274.8441522920249,2.443905217644279,127802.83637623092,25.031064215437823,-5.258695576211035e-07,0.0,1.460448232407371e-06,7.327635077416286e-10
0.0,277.8441522972874,2.443915689978146,129231.2488511638,25.03110646814824,-5.143796468577386e-07,0.0,1.428357550507164e-06,6.936666187099592e-10
0.0,280.8441523023205,2.4439259347461526,130659.66465083744,25.03114784401876,-5.032617138839107e-07,0.0,1.3973131395896256e-06,6.570352005393118e-10
0.0,283.8441523071364,2.443935959286588,132088.08367217708,25.03118836999645,-4.925006285601341e-07,0.0,1.3672700029088194e-06,6.227085410550415e-10
0.0,286.8441523117469,2.443945770625568,133516.50581631772,25.03122807193838,-4.820754827716676e-07,0.0,1.3381855382106569e-06,5.905076653353858e-10
0.0,289.8441523161627,2.4439553754934487,134944.93098839265,25.031266974665886,-4.719881115545198e-07,0.0,1.310019383152964e-06,5.60282818853971e-10
0.0,292.844152320394,2.443964780340242,136373.35909733275,25.031305102015963,-4.62209126485326e-07,0.0,1.2827332799322548e-06,5.318952047326955e-10
0.0,295.8441523244504,2.4439739913500507,137801.79005567977,25.0313424768893,-4.52732020001517e-07,0.0,1.2562909406876735e-06,5.052242888405758e-10
0.0,298.8441523283407,2.4439830144546386,139230.22377940814,25.031379121295743,-4.435426238501022e-07,0.0,1.2306579300394118e-06,4.801349268489336e-10
0.0,301.84415233207346,2.443991855346175,140658.66018775973,25.03141505639707,-4.34629547350904e-07,0.0,1.205801551809014e-06,4.565321524727522e-10
0.0,304.84415233565653,2.4440005194891974,142087.09920308588,25.03145030254732,-4.259832541244038e-07,0.0,1.1816907431040206e-06,4.3430638922931926e-10
0.0,307.84415233909726,2.4440090121318967,143515.54075069955,25.03148487933092,-4.175927529218034e-07,0.0,1.158295980467264e-06,4.1336632338304125e-10
0.0,310.8441523424028,2.4440173383167063,144943.98475873622,25.0315188055986,-4.094470595191917e-07,0.0,1.1355891865438777e-06,3.9362429374774863e-10
0.0,313.8441523455796,2.444025502890294,146372.43115802127,25.031552099501365,-4.0153650711841083e-07,0.0,1.1135436471479164e-06,3.7500359678554285e-10
0.0,316.8441523486339,2.444033510512969,147800.87988194605,25.031584778522543,-3.938552749610365e-07,0.0,1.0921339321773113e-06,3.5742387640910195e-10
0.0,319.8441523515715,2.444041365667556,149229.3308663501,25.0316168595082,-3.863904814324472e-07,0.0,1.0713358227832797e-06,3.4083764947591714e-10
0.0,322.844152354398,2.4440490726677644,150657.78404940892,25.031648358695843,-3.791376360105949e-07,0.0,1.051126242240406e-06,3.2516455989866633e-10
0.0,325.8441523571186,2.4440566356660893,152086.23937153,25.03167929174152,-3.720857134152907e-07,0.0,1.0314831919978752e-06,3.103388617877221e-10
0.0,328.8441523597382,2.4440640586612714,153514.69677525308,25.031709673745667,-3.652295908800012e-07,0.0,1.012385691727402e-06,2.9632037709942377e-10
0.0,331.8441523622614,2.444071345505352,154943.15620515426,25.03173951927741,-3.58560394444742e-07,0.0,9.938137240340788e-07,2.830616226912624e-10
0.0,334.84415236469266,2.4440784999103373,156371.61760775844,25.031768842397696,-3.520734765907753e-07,0.0,9.757481809066737e-07,2.705041577724582e-10
0.0,337.84415236703614,2.444085525454503,157800.0809314539,25.03179765668128,-3.457594290500407e-07,0.0,9.58170814756756e-07,2.5860049920050297e-10
0.0,340.8441523692957,2.444092425588362,159228.546126411,25.03182597523737,-3.396149751027266e-07,0.0,9.410641923815308e-07,2.4733603677770136e-10
0.0,343.8441523714752,2.444099203640329,160657.0131445079,25.031853810729583,-3.336321091337484e-07,0.0,9.244116538854712e-07,2.366377195155789e-10
0.0,346.84415237357786,2.4441058628220573,162085.48193925634,25.03188117539449,-3.2780576029679144e-07,0.0,9.08197267050288e-07,2.2650554741413544e-10
0.0,349.8441523756073,2.4441124062335224,163513.9524657337,25.03190808105957,-3.2213169027055453e-07,0.0,8.92405794287081e-07,2.168810796825913e-10
0.0,352.8441523775665,2.4441188368678346,164942.42468051804,25.03193453916004,-3.1660258353950934e-07,0.0,8.770226541118955e-07,2.0774970612325152e-10
0.0,355.84415237945865,2.444125157615804,166370.8985416259,25.031960560755024,-3.1121613683610746e-07,0.0,8.620338882088407e-07,1.9906759614303124e-10
0.0,358.84415238128645,2.4441313712702715,167799.3740084519,25.031986156542818,-3.059640673537234e-07,0.0,8.474261292708133e-07,1.90827444643083e-10
0.0,361.8441523830527,2.4441374805302347,169227.8510417154,25.032011336875502,-3.008453815996041e-07,0.0,8.331865730957523e-07,1.8298542103032198e-10
0.0,364.84415238476,2.444143488004737,170656.32960340442,25.03203611177275,-2.958542221412402e-07,0.0,8.193029461312323e-07,1.7552691510705322e-10
0.0,367.8441523864107,2.4441493962166074,172084.809656726,25.032060490935123,-2.909806928269737e-07,0.0,8.057634853423523e-07,1.6843366412615807e-10
0.0,370.8441523880072,2.444155207605976,173513.29116605787,25.032084483756584,-2.862352816185153e-07,0.0,7.925569068665024e-07,1.6167644769224662e-10
0.0,373.8441523895516,2.4441609245336355,174941.77409690217,25.03210809933651,-2.816015721693792e-07,0.0,7.79672386510331e-07,1.5525891835474263e-10
0.0,376.84415239104607,2.444166549284261,176370.2584158414,25.032131346491205,-2.770794380115252e-07,0.0,7.670995382855787e-07,1.4912994042171376e-10
0.0,379.8441523924926,2.4441720840694217,177798.74409049636,25.032154233764693,-2.72667932087231e-07,0.0,7.548283883187172e-07,1.4328586134373629e-10
0.0,382.8441523938931,2.4441775310305034,179227.2310894864,25.03217676943922,-2.683539458787284e-07,0.0,7.42849360603168e-07,1.3771937602196278e-10
0.0,385.8441523952495,2.4441828922414635,180655.7193823909,25.03219896154514,-2.641468122647884e-07,0.0,7.3115325571998e-07,1.3241587425869818e-10
0.0,388.8441523965634,2.4441881697114693,182084.20893971372,25.032220817870424,-2.600424589962797e-07,0.0,7.197312337774634e-07,1.2734978820797648e-10
0.0,391.8441523978364,2.4441933653873984,183512.69973284705,25.032242345969763,-2.5602208401026935e-07,0.0,7.085747964624821e-07,1.2251381277095014e-10
0.0,394.8441523990702,2.444198481156246,184941.19173403952,25.032263553173124,-2.520999147063393e-07,0.0,6.976757737178539e-07,1.1789699029934794e-10
0.0,397.8441524002663,2.444203518847404,186369.6849163636,25.032284446594137,-2.4826643744166974e-07,0.0,6.870263064228662e-07,1.134920156943224e-10
0.0,400.8441524014261,2.444208480234837,187798.1792536859,25.03230503313798,-2.44520868028068e-07,0.0,6.766188327745465e-07,1.0927697365933118e-10
0.0,403.8441524025508,2.444213367039181,189226.67472063715,25.032325319508903,-2.408579372553931e-07,0.0,6.66446076667301e-07,1.0525186419437417e-10
0.0,406.84415240364194,2.444218180929711,190655.17129258587,25.03234531221749,-2.372776069940952e-07,0.0,6.565010312615855e-07,1.0140572965118028e-10
0.0,409.8441524047007,2.444222923526268,192083.66894561067,25.03236501758767,-2.3377413834253397e-07,0.0,6.467769518415393e-07,9.7716654733207e-11
0.0,412.84415240572815,2.444227596401056,193512.1676564749,25.03238444176324,-2.3034614393097077e-07,0.0,6.372673396057142e-07,9.419924963814931e-11
0.0,415.8441524067256,2.444232201080385,194940.6674026032,25.03240359071432,-2.270027356144879e-07,0.0,6.279659331553243e-07,9.082429397061732e-11
0.0,418.8441524076941,2.4442367390463384,196369.16816205755,25.032422470243343,-2.237252927838065e-07,0.0,6.188666986873291e-07,8.759909282945848e-11
0.0,421.8441524086346,2.444241211738365,197797.66991351463,25.03244108599101,-2.205166227846654e-07,0.0,6.099638197062855e-07,8.450538346755418e-11
0.0,424.8441524095484,2.4442456205547884,199226.1726362452,25.03245944344176,-2.173798621980699e-07,0.0,6.012516856261858e-07,8.155777608259929e-11
0.0,427.844152410436,2.4442499668542825,200654.6763100932,25.03247754792924,-2.143092668382986e-07,0.0,5.927248871074098e-07,7.870513498266154e-11
