name,r,rM,rF,rH,MAT_total,SAM,Put,Spd,Spm,alpha,residual
original_MAT_only,0.0,0.0,0.0,0.0,480.0,65.06138248397946,98.20362967232711,79.59175253092295,61.35951148733721,-0.015875918996514093,1.2320427147782235e-11
original_MAT_only,0.05,0.05,0.0,0.0,467.0,64.43591359139869,98.46531070704494,79.47128637651304,61.216109362096745,-0.015898181852218633,1.574562702444382e-11
original_MAT_only,0.1,0.1,0.0,0.0,454.0,63.78254540561384,98.74368212172082,79.34368312376259,61.064367908270754,-0.01592185891715496,1.9454660105111543e-11
original_MAT_only,0.15000000000000002,0.15000000000000002,0.0,0.0,441.0,63.09936866319691,99.04039546729817,79.20828794862771,60.903536678010845,-0.015947088711954865,2.646061147970613e-11
original_MAT_only,0.2,0.2,0.0,0.0,428.0,62.384298690746476,99.35732663639344,79.06436381053321,60.73277291852655,-0.015974028266318864,3.907985046680551e-11
original_MAT_only,0.25,0.25,0.0,0.0,415.0,61.63505545242626,99.6966150445939,78.91107823758244,60.551127061522664,-0.016002856276158887,6.146194664324867e-11
original_MAT_only,0.30000000000000004,0.30000000000000004,0.0,0.0,402.0,60.849140962999314,100.06071126316503,78.74748750263814,60.35752541649141,-0.016033776920117482,4.108358098164899e-11
original_MAT_only,0.35000000000000003,0.35000000000000003,0.0,0.0,388.99999999999994,60.02381369232509,100.45243529450009,78.57251757503367,60.15074942608659,-0.016067024499406606,5.934452929068357e-11
original_MAT_only,0.4,0.4,0.0,0.0,376.0,59.156059539088986,100.87504835138,78.3849410630234,59.92941067014434,-0.016102869112733127,8.446932042716071e-11
original_MAT_only,0.45,0.45,0.0,0.0,363.0,58.242558902702704,101.33234190854512,78.1833491386249,59.69192058071689,-0.01614162364052904,1.2737189081235556e-10
original_MAT_only,0.5,0.5,0.0,0.0,350.0,57.27964933670078,101.82874903683351,77.96611714004015,59.43645353575547,-0.016183652398573906,2.0118307020311477e-10
original_MAT_only,0.55,0.55,0.0,0.0,337.0,56.26328323280994,102.36948474757021,77.73136215038136,59.160901608970704,-0.016229381934216518,3.171720663885935e-10
original_MAT_only,0.6000000000000001,0.6000000000000001,0.0,0.0,324.0,55.18897997583198,102.96072447691999,77.47689031714808,58.8628187336742,-0.01627931459767014,5.013589543523267e-10
original_MAT_only,0.65,0.65,0.0,0.0,311.0,54.05177205007295,103.60983323942503,77.20013095121728,58.5393513416351,-0.01633404573211325,8.171525678335456e-10
original_MAT_only,0.7000000000000001,0.7000000000000001,0.0,0.0,298.0,52.84614471081277,104.32566285148651,76.8980534510375,58.18715159864625,-0.01639428562725858,1.3364740425458876e-09
original_MAT_only,0.75,0.75,0.0,0.0,285.0,51.56596913378708,105.11894169823668,76.56706172929088,57.802268086649484,-0.016460887793968048,1.15724674287776e-09
original_MAT_only,0.8,0.8,0.0,0.0,272.0,50.2044295533766,106.00279192592717,76.20285892288813,57.38000705651765,-0.01653488569902417,2.0135644263064023e-09
original_MAT_only,0.8500000000000001,0.8500000000000001,0.0,0.0,259.0,48.75394603076273,106.9934244747442,75.8002725300708,56.91475503790258,-0.01661754091602796,1.8716832528298255e-09
original_MAT_only,0.9,0.9,0.0,0.0,246.0,47.20609658208014,108.1110858723919,75.35302645327265,56.39975045247634,-0.01671040679347568,3.4129499226764892e-09
original_MAT_only,0.9500000000000001,0.9500000000000001,0.0,0.0,233.0,45.55154622535201,109.38136676080202,74.85344137268491,55.826787747589776,-0.016815413325793536,6.418389375539846e-09
original_MAT_only,1.0,1.0,0.0,0.0,220.0,43.779997539684004,110.83703809020935,74.29203805811086,55.18583238877547,-0.016934981060734742,1.2427108231349848e-08
constant_total_MAT_only,0.0,0.0,0.0,0.0,480.0,65.06138248397946,98.20362967232711,79.59175253092295,61.35951148733721,-0.015875918996514093,1.2320427147782235e-11
constant_total_MAT_only,0.05,0.05,0.0,0.0,480.0,68.28867089266085,96.92349230354425,80.1883540867011,62.07182100618667,-0.015752105172368965,9.445187743040151e-09
constant_total_MAT_only,0.1,0.1,0.0,0.0,480.0,71.59156418522822,95.72358591065681,80.75880364538718,62.75620908140417,-0.015636561691790632,6.6944210175279295e-09
constant_total_MAT_only,0.15000000000000002,0.15000000000000002,0.0,0.0,480.0,74.95836196794039,94.60104395255775,81.30262550421757,63.41166346945719,-0.015529017489218186,7.286189429578371e-10
constant_total_MAT_only,0.2,0.2,0.0,0.0,480.0,78.37555988639453,93.5530160526123,81.8194668677456,64.03732997991435,-0.015429182155636947,4.957030341756763e-10
constant_total_MAT_only,0.25,0.25,0.0,0.0,480.0,81.82794077866795,92.57665951608664,82.30910439792072,64.63252481075152,-0.015336749323925754,3.383604507689597e-10
constant_total_MAT_only,0.30000000000000004,0.30000000000000004,0.0,0.0,480.0,85.29876945685588,91.66912469051967,82.77145309107593,65.19674945946538,-0.01525139942967668,2.2441781766247004e-10
constant_total_MAT_only,0.35000000000000003,0.35000000000000003,0.0,0.0,480.0,88.77009584098714,90.82753789485412,83.20657580352012,65.72970616813797,-0.015172801993988835,1.3108092389302328e-10
constant_total_MAT_only,0.4,0.4,0.0,0.0,480.0,92.22316027065051,90.0489854608921,83.61469158553255,66.23131159427534,-0.01510061759900159,6.0992988437647e-11
constant_total_MAT_only,0.45,0.45,0.0,0.0,480.0,95.63888352848805,89.33050178787614,83.99618113270097,66.70170652909003,-0.015034499725066144,8.527190326198684e-11
constant_total_MAT_only,0.5,0.5,0.0,0.0,480.0,98.99841383675653,88.66906342419101,84.35158803600225,67.14125991541458,-0.014974096599790583,1.8453153426748774e-08
constant_total_MAT_only,0.55,0.55,0.0,0.0,480.0,102.28369558974299,88.06159023608879,84.68161501343053,67.55056603662223,-0.014919053175836465,1.748264821799239e-08
constant_total_MAT_only,0.6000000000000001,0.6000000000000001,0.0,0.0,480.0,105.4780188748934,87.50495394768458,84.98711478637638,67.93043436494334,-0.01486901332155766,1.2625136491806188e-08
constant_total_MAT_only,0.65,0.65,0.0,0.0,480.0,108.56651142764227,86.9959935036285,85.26907581820304,68.28187228812442,-0.01482362225598377,8.694712505530333e-09
constant_total_MAT_only,0.7000000000000001,0.7000000000000001,0.0,0.0,480.0,111.53653539199617,86.53153635346894,85.52860345008365,68.60606137337379,-0.01478252922543459,5.79609604756115e-09
constant_total_MAT_only,0.75,0.75,0.0,0.0,480.0,114.37796313106969,86.10842417948633,85.76689739919891,68.9043284142012,-0.014745390354570292,3.7880738545936765e-09
constant_total_MAT_only,0.8,0.8,0.0,0.0,480.0,117.08331676683567,85.7235413706833,85.98522680491986,69.17811282239819,-0.014711871562036533,2.4372326379307196e-09
constant_total_MAT_only,0.8500000000000001,0.8500000000000001,0.0,0.0,480.0,119.6477704077648,85.37384434446496,86.18490418800673,69.42893218458147,-0.01468165139192752,1.5508305750699947e-09
constant_total_MAT_only,0.9,0.9,0.0,0.0,480.0,122.06902720528805,85.05638981007411,86.3672597272598,69.65834787211995,-0.014654423596798328,9.944756129698362e-10
constant_total_MAT_only,0.9500000000000001,0.9500000000000001,0.0,0.0,480.0,124.34709403003045,84.76836024333748,86.5336171608965,69.86793247839464,-0.0146298993185244,6.386926543200389e-10
constant_total_MAT_only,1.0,1.0,0.0,0.0,480.0,126.48398313202286,84.50708519261464,86.68527239357334,70.05924056796962,-0.01460780874968324,4.134221853746567e-10
original_full_65p06,0.0,0.0,0.0,0.0,480.0,65.06138248397946,98.20362967232711,79.59175253092295,61.35951148733721,-0.015875918996514093,1.2320427147782235e-11
original_full_65p06,0.05,0.05,0.05,0.05,467.0,63.93914800161107,98.71098530913429,79.4070083629268,61.12003436293609,-0.015510574555683406,1.5146355281103752e-09
original_full_65p06,0.1,0.1,0.1,0.1,454.0,62.82005188458599,99.30427326611004,79.28429571370741,60.91452084497618,-0.01517269613173864,1.3938006304670125e-09
original_full_65p06,0.15000000000000002,0.15000000000000002,0.15000000000000002,0.15000000000000002,441.0,61.70253850722165,99.98925724016159,79.22559482896833,60.743803590672506,-0.014861073782475056,1.8656294287211495e-09
original_full_65p06,0.2,0.2,0.2,0.2,428.0,60.58509501669098,100.7721535919821,79.23298410088148,60.60873506664224,-0.014574543351840432,2.849660063475312e-09
original_full_65p06,0.25,0.25,0.25,0.25,415.0,59.46623847800301,101.65968579799332,79.30863882361604,60.51018169452443,-0.014312001721140276,4.038696488350979e-09
original_full_65p06,0.30000000000000004,0.30000000000000004,0.30000000000000004,0.30000000000000004,402.0,58.34450187939587,102.65915118040182,79.4548317818821,60.44901851340741,-0.014072420529804192,5.509846801032836e-09
original_full_65p06,0.35000000000000003,0.35000000000000003,0.35000000000000003,0.35000000000000003,388.99999999999994,57.218418459134824,103.77850354292666,79.67393645240101,60.426124679784294,-0.013854858389503689,7.337774832194555e-09
original_full_65p06,0.4,0.4,0.4,0.4,376.0,56.08650371022015,105.0264564731845,79.96843381923358,60.44238019903446,-0.013658471811423116,9.645475529396208e-09
original_full_65p06,0.45,0.45,0.45,0.45,363.0,54.947234281983214,106.41261359899885,80.34092408136925,60.49866436712244,-0.013482525177794222,1.2569586260724464e-08
original_full_65p06,0.5,0.5,0.5,0.5,350.0,53.79902281569416,107.94763416611775,80.79414488437249,60.595856501130115,-0.013326400161371585,1.6327973639818083e-08
original_full_65p06,0.55,0.55,0.55,0.55,337.0,52.64018750883225,109.64344517811163,81.33099816596378,60.73483965857274,-0.013189605063063381,2.1187503307373845e-08
original_full_65p06,0.6000000000000001,0.6000000000000001,0.6000000000000001,0.6000000000000001,324.0,51.468914875739934,111.51351536579686,81.95458831108044,60.91650819797032,-0.013071784605068136,2.752464922650688e-08
original_full_65p06,0.65,0.65,0.65,0.65,311.0,50.28321372588886,113.57321198476446,82.66827512979496,61.141780232042564,-0.01297273082313875,3.587696539852914e-08
original_full_65p06,0.7000000000000001,0.7000000000000001,0.7000000000000001,0.7000000000000001,298.0,49.08085776267899,115.84026973376889,83.47574629966066,61.41161629353272,-0.012892395842047634,4.6958604116298375e-08
original_full_65p06,0.75,0.75,0.75,0.75,285.0,47.859313337045954,118.33541330479785,84.38111550350906,61.727045907864934,-0.012830907555602252,6.182150968925271e-08
original_full_65p06,0.8,0.8,0.8,0.8,272.0,46.615647651671146,121.08319341945521,85.389054779437,62.08920430166931,-0.012788589586824948,8.192668587980734e-08
original_full_65p06,0.8500000000000001,0.8500000000000001,0.8500000000000001,0.8500000000000001,259.0,45.34641091912418,124.11312431764031,86.50497295311425,62.49938225703416,-0.012765987462111841,1.0933985095107346e-07
original_full_65p06,0.9,0.9,0.9,0.9,246.0,44.04748334344201,127.4612547047639,87.7352570330547,62.959093279623126,-0.012763903808814887,1.0920189197349828e-09
original_full_65p06,0.9500000000000001,0.9500000000000001,0.9500000000000001,0.9500000000000001,233.0,42.71387386117427,131.17237495110996,89.08760115995467,63.47016401923523,-0.012783446760244493,1.5400303254864411e-09
original_full_65p06,1.0,1.0,1.0,1.0,220.0,41.33945162481948,135.30317981106472,90.57145950465717,64.0348565303382,-0.0128260979784209,2.088881956296973e-09
original_full_66p5,0.0,0.0,0.0,0.0,480.0,65.06138248397946,98.20362967232711,79.59175253092295,61.35951148733721,-0.015875918996514093,1.2320427147782235e-11
original_full_66p5,0.05,0.05,0.05,0.05,467.0,63.93097987130436,98.75904414939895,79.44748005131527,61.14281520970887,-0.01551089995402748,1.5171011114034627e-09
original_full_66p5,0.1,0.1,0.1,0.1,454.0,62.803776072606965,99.40297756242819,79.36673070919942,60.96089154434968,-0.015173346622622572,1.3952217159385327e-09
original_full_66p5,0.15000000000000002,0.15000000000000002,0.15000000000000002,0.15000000000000002,441.0,61.678232126282154,100.14122640629067,79.35143677479293,60.81453128268412,-0.014862049856762698,1.838017738009512e-09
original_full_66p5,0.2,0.2,0.2,0.2,428.0,60.552854012898365,100.9800353714219,79.4036192355113,60.704538545600876,-0.01457584692917526,2.84738632672088e-09
original_full_66p5,0.25,0.25,0.25,0.25,415.0,59.42617972605302,101.92615204716046,79.52538629817455,60.6317249466672,-0.014313636793423849,4.0817837998474715e-09
original_full_66p5,0.30000000000000004,0.30000000000000004,0.30000000000000004,0.30000000000000004,402.0,58.29676516962861,102.98689422735298,79.71893389496147,60.596904409215085,-0.014074393821621706,5.595467200691928e-09
original_full_66p5,0.35000000000000003,0.35000000000000003,0.35000000000000003,0.35000000000000003,388.99999999999994,57.1631683394368,104.1702335240026,79.98654899803773,60.6008889692579,-0.013857180039892055,7.49432160773722e-09
original_full_66p5,0.4,0.4,0.4,0.4,376.0,56.02393114360753,105.48490014212133,80.33061676586927,60.6444859651571,-0.013661156081590202,9.879670415102737e-09
original_full_66p5,0.45,0.45,0.45,0.45,363.0,54.8775580795566,106.94051521417163,80.75363281774776,60.7284970945012,-0.013485591188895169,1.2906468782603042e-08
original_full_66p5,0.5,0.5,0.5,0.5,350.0,53.72249080455845,108.54775919968684,81.25822228179776,60.85371991288034,-0.013329872667548719,1.679160277490155e-08
original_full_66p5,0.55,0.55,0.55,0.55,337.0,52.557077395465505,110.31858776855181,81.84716771500898,61.02095246472686,-0.013193515263454903,2.1822813778271666e-08
original_full_66p5,0.6000000000000001,0.6000000000000001,0.6000000000000001,0.6000000000000001,324.0,51.37953476694981,112.26651067229784,82.52344859534145,61.23100188344499,-0.013076171002550152,2.8375097826938145e-08
original_full_66p5,0.65,0.65,0.65,0.65,311.0,50.187902271457446,114.40695492880941,83.29029590139906,61.484697992499896,-0.012977640133691883,3.700422723795782e-08
original_full_66p5,0.7000000000000001,0.7000000000000001,0.7000000000000001,0.7000000000000001,298.0,48.97998388531824,116.75774207730518,84.15126642426947,61.782913205083915,-0.01289788396794178,4.8455632395416615e-08
original_full_66p5,0.75,0.75,0.75,0.75,285.0,47.753275515190836,119.3397216902559,85.11034305190776,62.12659039409769,-0.012837040636999423,6.379849537552218e-08
original_full_66p5,0.8,0.8,0.8,0.8,272.0,46.504872717177136,122.1776220029662,86.17206956685595,62.516780942565205,-0.012795445155819223,8.451141297882714e-08
original_full_66p5,0.8500000000000001,0.8500000000000001,0.8500000000000001,0.8500000000000001,259.0,45.23135232252649,125.30120715542229,87.34173187893997,62.954695973922426,-0.012773655744696013,1.1271848165961273e-07
original_full_66p5,0.9,0.9,0.9,0.9,246.0,43.92861882034186,128.74687542177207,88.62560267094896,63.4417749348614,-0.01277248924323821,1.1793019893957535e-09
original_full_66p5,0.9500000000000001,0.9500000000000001,0.9500000000000001,0.9500000000000001,233.0,42.5917023988658,132.55990498468196,90.03127423010235,63.97977750066233,-0.01279306984499333,1.666080606810283e-09
original_full_66p5,1.0,1.0,1.0,1.0,220.0,41.2144895715602,136.79767260348484,91.56811614675208,64.57090745560687,-0.012836897635938677,2.2575363800569903e-09
MAT_feedback_Hfixed0,0.0,0.0,0.0,0.0,480.0,65.06138248397946,98.20362967232711,79.59175253092295,61.35951148733721,-0.015875918996514093,1.2320427147782235e-11
MAT_feedback_Hfixed0,0.05,0.05,0.05,0.0,467.0,64.43236547873815,98.48594416048378,79.48872869354268,61.225930737735546,-0.0158991123330681,1.3983481039758772e-11
MAT_feedback_Hfixed0,0.1,0.1,0.1,0.0,454.0,63.76803952639941,98.82969517687108,79.41606277128717,61.105115475871806,-0.01592400956316088,2.984279490192421e-11
MAT_feedback_Hfixed0,0.15000000000000002,0.15000000000000002,0.15000000000000002,0.0,441.0,63.06603806347223,99.24213508603023,79.37722458771427,60.998618608783396,-0.01595078350111457,3.764455414057011e-11
MAT_feedback_Hfixed0,0.2,0.2,0.2,0.0,428.0,62.32380644379342,99.73151940895943,79.37607686884662,60.90815564040339,-0.015979630280838163,5.012168458051747e-11
MAT_feedback_Hfixed0,0.25,0.25,0.25,0.0,415.0,61.53858457766699,100.3072773972111,79.41692355242533,60.83562069668385,-0.016010773367868204,3.7843506106582936e-11
MAT_feedback_Hfixed0,0.30000000000000004,0.30000000000000004,0.30000000000000004,0.0,402.0,60.70738760674908,100.9802188809357,79.50456481787911,60.783103898502326,-0.01604446842469881,4.931166586175095e-11
MAT_feedback_Hfixed0,0.35000000000000003,0.35000000000000003,0.35000000000000003,0.0,388.99999999999994,59.8269843045399,101.76278706735553,79.64436001633,60.75291016822963,-0.016081009248311802,8.765255188336596e-11
MAT_feedback_Hfixed0,0.4,0.4,0.4,0.0,376.0,58.89387282586879,102.66937013736346,79.842299974307,60.74757957216461,-0.016120735064979387,1.37532651933725e-10
MAT_feedback_Hfixed0,0.45,0.45,0.45,0.0,363.0,57.9042533484487,103.71668889127761,80.10509053686832,60.769909328952394,-0.01616403955602796,2.1466917132784147e-10
MAT_feedback_Hfixed0,0.5,0.5,0.5,0.0,350.0,56.85399705588345,104.92428388132203,80.44024974136244,60.82297765898777,-0.016211382111436537,3.483648924884619e-10
MAT_feedback_Hfixed0,0.55,0.55,0.55,0.0,337.0,55.73861080759846,106.31513426720261,80.85622172015916,60.91016971825539,-0.016263301972152776,5.79959191782109e-10
MAT_feedback_Hfixed0,0.6000000000000001,0.6000000000000001,0.6000000000000001,0.0,324.0,54.55319673709391,107.91645330817961,81.36251138323202,61.035205959417276,-0.016320436156882952,9.56816847974551e-10
MAT_feedback_Hfixed0,0.65,0.65,0.65,0.0,311.0,53.29240593865355,109.76072392099151,81.96984521224594,61.20217340002204,-0.01638354238819685,8.20136847323738e-10
MAT_feedback_Hfixed0,0.7000000000000001,0.7000000000000001,0.7000000000000001,0.0,298.0,51.95038539207869,111.88706517788033,82.69036521005894,61.41556045457166,-0.016453528692303238,1.4146337434794987e-09
MAT_feedback_Hfixed0,0.75,0.75,0.75,0.0,285.0,50.52071743129638,114.34306191681475,83.53786531213522,61.68029619907569,-0.01653149198922128,2.497756668162765e-09
MAT_feedback_Hfixed0,0.8,0.8,0.8,0.0,272.0,48.996351573358716,117.18725284878161,84.52808249556706,62.00179514581116,-0.016618768919194525,2.281140609738941e-09
MAT_feedback_Hfixed0,0.8500000000000001,0.8500000000000001,0.8500000000000001,0.0,259.0,47.36952975780971,120.49257093886568,85.67905846530404,62.386008733395066,-0.016717003462728666,4.1132324213322136e-09
MAT_feedback_Hfixed0,0.9,0.9,0.9,0.0,246.0,45.63170872395374,124.35118579641095,87.01159199435811,62.839484588095914,-0.016828237798451627,7.69838948144752e-09
MAT_feedback_Hfixed0,0.9500000000000001,0.9500000000000001,0.9500000000000001,0.0,233.0,43.77348881068709,128.88144958130476,88.54980595039025,63.36943373733526,-0.01695503545611509,1.476217903473298e-08
MAT_feedback_Hfixed0,1.0,1.0,1.0,0.0,220.0,41.78456979226506,134.2380612717054,90.32185442040907,63.98380346395863,-0.017100649339667158,6.604068403248675e-10
