rM,rF,rH,residual,alpha,alpha_imag,SAM,Put,Spd,Spm
0.0,0.0,0.0,1.2320427147782235e-11,-0.015875918996514093,0.0,65.06138248397946,98.20362967232711,79.59175253092295,61.35951148733721
0.0,0.0,0.25,7.604927034776665e-07,-0.01420313870080923,0.0,62.58723905973452,99.26670654569172,79.10544286642943,60.78149170262032
0.0,0.0,0.5,5.284671331651225e-07,-0.013102605990986813,0.0,60.264904338884726,100.33699350000302,78.62397071641298,60.21152437111888
0.0,0.0,0.75,3.403041333172041e-07,-0.012445541171666357,0.0,58.069815351358955,101.42029097484718,78.14474080748073,59.64648282539435
0.0,0.0,1.0,2.1159216601063235e-07,-0.01214264710155806,0.0,55.98624447385653,102.51997560300302,77.6663726105345,59.084713693581485
0.0,0.25,1.0,7.872947627163285e-09,-0.012157448814460785,0.0,55.72638912433571,104.35112055445066,79.10183899962821,59.88720008609821
0.0,0.25,0.75,3.96346919728785e-08,-0.012457019159858472,0.0,57.86922992258995,102.76702985921361,79.22218669481302,60.24998408131525
0.0,0.25,0.5,4.7920934775902424e-08,-0.013111627494360161,0.0,60.126804077979976,101.2186209290814,79.34362273640517,60.61537874018395
0.0,0.25,0.25,8.308182941618725e-08,-0.014209888607022566,0.0,62.515570189786466,99.7003781042125,79.46651195597039,60.984483603147915
0.0,0.25,0.0,1.3747795435392618e-07,-0.01588000849821725,0.0,65.06142296478777,98.2033985514463,79.59155631861145,61.35940098980248
0.0,0.5,0.0,6.746900580928367e-12,-0.015884329245398683,0.0,65.06146589086013,98.20315348519433,79.5913482683306,61.35928382588929
0.0,0.5,0.25,7.662606975600283e-07,-0.014216999789159926,0.0,62.44000255926535,100.15847390197166,79.84771833994402,61.19858641464115
0.0,0.5,0.5,5.715250139814998e-07,-0.013121103207408325,0.0,59.98196015086098,102.14662687315605,80.10030276046245,61.039187470436566
0.0,0.5,0.75,3.8752469322389516e-07,-0.01246904884708299,0.0,57.659924036793406,104.17990117700337,80.35058008304115,60.880195228329754
0.0,0.5,1.0,2.4082147120907393e-07,-0.012172938599839943,0.0,55.45660409524875,106.26604206461626,80.59931562223262,60.721150180682955
0.0,0.75,1.0,2.37467823183124e-10,-0.012189139292144666,0.0,55.17669566754317,108.26810001178764,82.1609403967617,61.58748815892041
0.0,0.75,0.75,9.011204582520804e-08,-0.01248165362681697,0.0,57.441559750022954,105.66234498681395,81.53238287596784,61.53829574383676
0.0,0.75,0.5,1.338104738124457e-07,-0.013131057813222458,0.0,59.82998813189431,103.12401416525339,80.89632833025121,61.48414006635164
0.0,0.75,0.25,1.623259322514059e-07,-0.014224497369324744,0.0,62.36024381991142,100.64290983703849,80.25062257582277,61.424643585293616
0.0,0.75,0.0,1.8045350458351095e-07,-0.015888901281750262,0.0,65.06151148473016,98.20289317476522,79.59112727538135,61.35915937297137
0.0,1.0,0.0,6.746900580928367e-12,-0.01589374708928226,0.0,65.06156000855674,98.20261614895385,79.5908920924915,61.35902692907871
0.0,1.0,0.25,6.366694336179535e-07,-0.014232408335104217,0.0,62.275975958192205,101.15578182890836,80.67692935623919,61.66357444112446
0.0,1.0,0.5,5.67726367250998e-07,-0.013141516718787613,0.0,59.67048782009602,104.1539648408038,81.73414489515406,61.951485601933165
0.0,1.0,0.75,4.2394214005980757e-07,-0.012494856557108204,0.0,57.21380781569085,107.21788206443527,82.770089907412,62.225470090445754
0.0,1.0,1.0,2.6256365259769154e-07,-0.012206072456459835,0.0,54.886505744077546,110.36059237036262,83.7887630020244,62.48708286178082
0.25,1.0,1.0,3.131191306238179e-09,-0.012272191983699887,0.0,52.79753877318503,113.4058531857196,84.73591531067406,62.72342508217724
0.25,1.0,0.75,5.567399341543933e-08,-0.012568854083711525,0.0,54.76601555252621,110.53021878895255,83.8425325908218,62.50067767816011
0.25,1.0,0.5,7.872419161003563e-08,-0.013230502234125077,0.0,56.819547781820745,107.73302938798392,82.94004461412273,62.26965394866534
0.25,1.0,0.25,1.0595690724812812e-07,-0.014344780909123141,0.0,58.965844663422516,105.00796022279008,82.02729105901246,62.02983090387441
0.25,1.0,0.0,1.4993712937894088e-07,-0.016036973763695863,0.0,61.21860032504245,102.34333412643379,81.10099811401294,61.78007147415902
0.25,0.75,0.0,7.487077624546146e-11,-0.01602780785023658,0.0,61.33068638338792,101.62826937932877,80.50998833133404,61.44909018166839
0.25,0.75,0.25,7.855859109895391e-07,-0.014333343936876103,0.0,59.14018723376899,103.83647636790447,81.07730295780222,61.499997812706525
0.25,0.75,0.5,5.207963482689593e-07,-0.013217035664116467,0.0,57.051410665239956,106.096759643009,81.63885075658405,61.546930206537
0.25,0.75,0.75,3.341584289273669e-07,-0.012552898673996423,0.0,55.05146837000992,108.4183038865294,82.19644807045987,61.590139082756224
0.25,0.75,1.0,2.0726516680724671e-07,-0.012252564742797312,0.0,53.133034362551314,110.80607528047065,82.75069405729845,61.62974743808163
0.25,0.5,1.0,6.904548044417425e-10,-0.012233727563828315,0.0,53.45886005134754,108.30556598345962,80.83498200986911,60.569514628258524
0.25,0.5,0.75,5.922498047539193e-08,-0.012537603836241655,0.0,55.327285948836604,106.39362429095996,80.61427171873699,60.71155429636292
0.25,0.5,0.5,8.527007366865291e-08,-0.013204147879576477,0.0,57.27428483932546,104.53348737067897,80.39330203353595,60.852951329224354
0.25,0.5,0.25,1.1116434706082146e-07,-0.014322425283772418,0.0,59.30686790412712,102.72140999777686,80.17186065959211,60.99383579861244
0.25,0.5,0.0,1.466137362626796e-07,-0.016019082666734498,0.0,61.437234463947746,100.95040211883922,79.9492844659315,61.134618925260106
0.25,0.25,0.0,4.7267967318020965e-11,-0.016010773367864068,0.0,61.53858457766764,100.30727739734117,79.41692355252422,60.83562069660501
0.25,0.25,0.25,7.30573106011434e-07,-0.014312001721455615,0.0,59.466238477089014,101.65968579839566,79.30863882354743,60.51018169439485
0.25,0.25,0.5,4.815733234408981e-07,-0.013191818649919746,0.0,57.48843830621025,103.04002102153997,79.20117147953476,60.186682708452366
0.25,0.25,0.75,2.9546672664082507e-07,-0.012522951423110273,0.0,55.59358757743032,104.45325525081635,79.09421023694689,59.864180567903595
0.25,0.25,1.0,1.7327791113075364e-07,-0.012215663455357247,0.0,53.77494394315979,105.90195772753506,78.98765533755733,59.542365335765254
0.25,0.0,1.0,5.476823439209966e-10,-0.012198353675187037,0.0,54.0812648168651,103.59268575700908,77.20740718263868,58.54784593067599
0.25,0.0,0.75,5.803556746286631e-08,-0.012508922150356833,0.0,55.85052645024,102.59419513157577,77.63437577702425,59.04721873458085
0.25,0.0,0.5,8.285091723791993e-08,-0.013180027218525297,0.0,57.69415223951503,101.6132095400692,78.06023536020211,59.547080460714064
0.25,0.0,0.25,1.0819496054637057e-07,-0.014302050299701535,0.0,59.61864336452165,100.6483632160508,78.48540220322711,60.04791084064721
0.25,0.0,0.0,1.4264977465927586e-07,-0.016002856265061823,0.0,61.63505545130545,99.69661504502787,78.91107823738747,60.551127061290494
0.5,0.0,0.0,7.439382443408249e-10,-0.0161836523985351,0.0,57.27964933670358,101.8287490368337,77.96611714003994,59.43645353575515
0.5,0.0,0.25,6.099486711264035e-07,-0.0144452480587133,0.0,55.81598556158456,102.61313679640269,77.62621562000497,59.037658001305005
0.5,0.0,0.5,3.7411023612321515e-07,-0.013293515830893589,0.0,54.381725761744484,103.41895743359034,77.28123214976019,58.634061842895164
0.5,0.0,0.75,2.013789384136544e-07,-0.012602389904575026,0.0,52.97783219692292,104.2460360708091,76.93149506305271,58.22609792215561
0.5,0.0,1.0,1.404530181048358e-07,-0.012280239036279105,0.0,51.60626598001742,105.09342739183906,76.57764649789061,57.81455962966261
0.5,0.25,1.0,2.8277975516743936e-09,-0.012301440835375417,0.0,51.243044694552765,108.0875279707118,78.83254335569484,59.07290502285673
0.5,0.25,0.75,5.4952764116933395e-08,-0.012620424991411989,0.0,52.65247547683761,106.84531935222464,78.91989073742053,59.33741699950606
0.5,0.25,0.5,8.253429939486523e-08,-0.013309635470945033,0.0,54.09477915966271,105.64022344817703,79.00668058757729,59.599865177656895
0.5,0.25,0.25,1.1519212961275116e-07,-0.014460099188489459,0.0,55.56787632270498,104.47308480921217,79.09273090576244,59.85971643259603
0.5,0.25,0.0,1.5523855978472056e-07,-0.016197237993918607,0.0,57.07077154174153,103.34357835451415,79.1779392030422,60.11667956547956
0.5,0.5,0.0,3.8154235326715025e-09,-0.016211382111411782,0.0,56.853997055933135,104.92428387005508,80.44024973347952,60.822977665321964
0.5,0.5,0.25,6.4655664999691e-07,-0.01447554955947302,0.0,55.31126980828853,106.40946678819219,80.61612686629375,60.7103637684382
0.5,0.5,0.5,4.013120360468747e-07,-0.01332640016127022,0.0,53.799022815380766,107.9476341661796,80.79414488427194,60.595856501063054
0.5,0.5,0.75,2.1178541231847703e-07,-0.012639182291000441,0.0,52.31829387682011,109.53953097355608,80.97410658777483,60.47956553885003
0.5,0.5,1.0,1.424543469852324e-07,-0.012323490914200978,0.0,50.87129427067893,111.18429136632126,81.15563998512532,60.361716494698555
0.5,0.75,1.0,3.0447608878603205e-09,-0.012346402549085736,0.0,50.49132272969153,114.38490211974663,83.5469453488687,61.68084030246991
0.5,0.75,0.75,5.7615714865733025e-08,-0.012658675185642135,0.0,51.97544009596013,112.33041008739112,83.09475693731045,61.65266411693475
0.5,0.75,0.5,8.775553794748703e-08,-0.013343823709001062,0.0,53.49446743908998,110.34338685475291,82.64477456902908,61.62243503924448
0.5,0.75,0.25,1.2202746546563503e-07,-0.014491614531992601,0.0,55.04605432699985,108.42481286497731,82.19798502124281,61.59025351937186
0.5,0.75,0.0,1.6044302952877842e-07,-0.016226102472392916,0.0,56.629117276081,106.57357505256763,81.75492741697856,61.556203468042646
0.5,1.0,0.0,4.99746732884887e-09,-0.01624141610629495,0.0,56.39594029732385,108.29415746572627,83.12382340836582,62.317189596313156
0.5,1.0,0.25,6.771226850332823e-07,-0.014508308250209741,0.0,54.772148024447745,110.52156830256556,83.83979342968209,62.499985641299716
0.5,1.0,0.5,4.218346916218252e-07,-0.013361918437863234,0.0,53.18116447920329,112.82951336063036,84.55956662280059,62.679923182471725
0.5,1.0,0.75,2.3041227592557334e-07,-0.012678915311545252,0.0,51.62411508939595,115.2194551563936,85.28225693311033,62.856742345196764
0.5,1.0,1.0,1.3397433207273934e-07,-0.012370186821704869,0.0,50.10348962139552,117.69023641324856,86.00623854305324,63.03002686161451
0.75,1.0,1.0,2.1045536868768977e-08,-0.012529164038324677,0.0,46.485037078030594,124.18980467892305,87.80597394476524,63.44418929219093
0.75,1.0,0.75,5.0127233919283753e-08,-0.012858560390144567,0.0,47.43281301803926,122.39564348515728,87.3236762066358,63.33551540643456
0.75,1.0,0.5,7.931075884926031e-08,-0.013574559635676189,0.0,48.36702643926503,120.69312688347195,86.8559729445844,63.22851395923029
0.75,1.0,0.25,1.1558785928400539e-07,-0.014767531603614128,0.0,49.27905082804988,119.0907057945754,86.40655213887192,63.12419243377611
0.75,1.0,0.0,1.582402475719391e-07,-0.016556367913901644,0.0,50.1592629032349,117.59708499474108,85.97935787525454,63.02366170823407
0.75,0.75,0.0,2.3958763861742227e-09,-0.016531491989290974,0.0,50.52071743128541,114.3430619236867,83.53786531804839,61.68029619492407
0.75,0.75,0.25,6.031040200582538e-07,-0.01474215645768729,0.0,49.66167130399689,115.58584589497008,83.80533738439263,61.69595225401866
0.75,0.75,0.5,3.671731860777072e-07,-0.013548537217262699,0.0,48.77143221934874,116.91903454501191,84.08721724007648,61.71161924995586
0.75,0.75,0.75,2.0605021688879788e-07,-0.012830907556651937,0.0,47.859313337121954,118.3354133027166,84.3811155018419,61.72704590731702
0.75,0.75,1.0,1.3355422368022118e-07,-0.0124982901806846,0.0,46.93364574701158,119.82800558500541,84.68479408538627,61.74201329432013
0.75,0.5,1.0,1.0529137561832158e-08,-0.012468407212962431,0.0,47.3783409508897,115.56654196938881,81.61866049066379,60.058669250108466
0.75,0.5,0.75,4.959863986186974e-08,-0.012804120035565877,0.0,48.28106847570894,114.37352178058998,81.49547867489036,60.13963640868078
0.75,0.5,0.5,7.722652384245521e-08,-0.013523291043629829,0.0,49.17042375863518,113.240802146958,81.37656546688694,60.21756102026601
0.75,0.5,0.25,1.1194014604143376e-07,-0.01471749731617,0.0,50.03835968674837,112.17400051095396,81.26278509032062,60.29190403419497
0.75,0.5,0.0,1.550420449802914e-07,-0.016507283735058238,0.0,50.87585877296117,111.1789566067087,81.1550582456985,60.36209502129291
0.75,0.25,0.0,2.2917445718917406e-09,-0.016483748103218763,0.0,51.22437012235769,108.10443914909678,78.8313686975776,59.06934521408055
0.75,0.25,0.25,5.926063124661596e-07,-0.014693557088756297,0.0,50.408727266718024,108.85511107989853,78.7796110494282,58.91242306400216
0.75,0.25,0.5,3.640219432554659e-07,-0.013498821446504692,0.0,49.56353599240404,109.65866339433971,78.7250282369781,58.74678543024247
0.75,0.25,0.75,2.0434642067357345e-07,-0.012778196009878954,0.0,48.69753480034323,110.51050835246002,78.66807137644918,58.573776860017105
0.75,0.25,1.0,1.2603293697566187e-07,-0.012439512890221743,0.0,47.81850103686669,111.40626326691769,78.60916126685531,58.39465335123827
0.75,0.0,1.0,1.1950241685099172e-08,-0.012411602153103236,0.0,48.25352861657576,107.34767216824095,75.65772504898412,56.75039902932844
0.75,0.0,0.75,4.87277418415033e-08,-0.012753131329557448,0.0,49.10819770913275,106.74659780600953,75.90003287113672,57.029896019303294
0.75,0.0,0.5,7.483881603320697e-08,-0.013475126612392772,0.0,49.95033606226474,106.17256528308653,76.13344606062046,57.2996763754942
0.75,0.0,0.25,1.0844054543213133e-07,-0.014670336553119235,0.0,50.7724192788804,105.62885756120681,76.35636077215842,57.55782047393782
0.75,0.0,0.0,1.5206290271407852e-07,-0.016460887785274814,0.0,51.565969133604845,105.11894169834004,76.56706172924845,57.80226808660041
1.0,0.0,0.0,8.245251592597924e-08,-0.0169349810600476,0.0,43.77999753888625,110.83703809003639,74.29203805817995,55.185832388831834
1.0,0.0,0.25,6.104559844288815e-07,-0.015071383251023154,0.0,43.78325047058103,110.83426812306284,74.29309532104034,55.18703658120015
1.0,0.0,0.5,3.9851287425562987e-07,-0.01380790586345073,0.0,43.72388097650489,110.884881375478,74.27378341079032,55.16504258142544
1.0,0.0,0.75,2.4550328703298874e-07,-0.01303242169825515,0.0,43.60828059758811,110.98378780317927,74.23608482586836,55.12211878396296
1.0,0.0,1.0,1.4234591816375541e-07,-0.012652902713225358,0.0,43.44228136560069,111.12664274010186,74.1817282773365,55.06025251346413
1.0,0.25,1.0,1.2445056807308674e-07,-0.012694466864568784,0.0,42.91146856987781,117.07027348876288,78.25848496253087,57.324380145654956
1.0,0.25,0.75,5.244725542752349e-08,-0.013072201339342832,0.0,43.08579880760126,116.84728205167333,78.27161749468728,57.36459001518186
1.0,0.25,0.5,8.343361912466207e-08,-0.013847489281293597,0.0,43.20873789657186,116.6910929617778,78.28084743390026,57.39284379832634
1.0,0.25,0.25,1.2517983805082622e-07,-0.015111672409433312,0.0,43.274365885258455,116.60807324479998,78.28576400813307,57.40789186827111
1.0,0.25,0.0,1.801819919933223e-07,-0.016975697047083037,0.0,43.27621452675049,116.60573829701194,78.2859023939974,57.40831540265419
1.0,0.5,0.0,8.42589988891973e-08,-0.017016896480774393,0.0,42.7754561119841,122.42803963611918,82.28864384666554,59.61393176226875
1.0,0.5,0.25,6.092988726891235e-07,-0.015152645736209638,0.0,42.76831441148363,122.43982626235352,82.28974127923476,59.613197277520044
1.0,0.5,0.5,3.9485502156821894e-07,-0.013887932202715069,0.0,42.69637502719731,122.55877623753015,82.3008084597041,59.60578897147167
1.0,0.5,0.75,2.416819882000709e-07,-0.013112996872076729,0.0,42.56617489141573,122.77507512728816,82.32088773153968,59.59234291780734
1.0,0.5,1.0,1.391008268569749e-07,-0.012737193284228555,0.0,42.383716929204425,123.08041145550838,82.34913335607975,59.57341713590685
1.0,0.75,1.0,7.633930998451888e-08,-0.012781074452101464,0.0,41.85954206102734,129.1579930011702,86.45357213026188,61.80962057524515
1.0,0.75,0.75,5.0651948413360515e-08,-0.013154799573969662,0.0,42.04989927268967,128.7681279203294,86.38383530672152,61.807585685319566
1.0,0.75,0.5,8.120004935108227e-08,-0.013929221862147902,0.0,42.18725386679804,128.48895979069127,86.33368803916406,61.8060904025206
1.0,0.75,0.25,1.2244086633472762e-07,-0.01519428503877154,0.0,42.265524447296315,128.33067384368638,86.30517619237825,61.805228335760795
1.0,0.75,0.0,1.7683824182768149e-07,-0.017058555863280922,0.0,42.27811236008836,128.30527107468887,86.30059509971984,61.805089019771174
1.0,1.0,0.0,5.262026814278897e-08,-0.017100649339509156,0.0,41.78456979203836,134.23806145614606,90.32185454184597,63.983803370525955
1.0,1.0,0.25,6.063537298928168e-07,-0.015236569104674245,0.0,41.766419645918795,134.2810655976795,90.33199202977521,63.985885660638445
1.0,1.0,0.5,3.900097667042246e-07,-0.013971341922095058,0.0,41.681830136806916,134.48196399128037,90.37928380543387,63.995589341096476
1.0,1.0,0.75,2.370230163251108e-07,-0.013197596552811771,0.0,41.53745556139025,134.82666786510472,90.46017154450614,64.01214934400763
1.0,1.0,1.0,1.3533647802432824e-07,-0.012826097978510552,0.0,41.33945162479132,135.30317981248697,90.5714595057936,64.03485653070612
