policy,rho,MATII_Vmax_cap,G_Met,G_AA,alpha,residual,x_b_gly,x_b_glu,x_b_cys,x_b_gsg,x_b_gsh,x_c_thf,x_c_5mf,x_c_2cf,x_c_1cf,x_c_10f,x_c_dhf,x_aic,x_c_glu,x_c_cys,x_glc,x_c_gly,x_c_gsg,x_c_gsh,x_cyt,x_hcy,x_c_ser,x_sah,x_sam,x_met,x_c_coo,x_species_1,x_species_2,x_species_3,x_species_4,x_species_5,x_species_6,x_species_8,x_species_9,x_m_thf,x_m_2cf,x_m_1cf,x_m_10f,x_m_ser,x_m_gly,x_m_coo,x_src,x_dmg,x_parameter_1,x_parameter_2,x_parameter_3,x_parameter_4
flux-matched,0.0,261.9019248346911,1.7792314496694117,1.3427157424665894,-0.015875918996514093,1.2320427147782235e-11,218.73317150152943,60.465161622517535,183.0994663813897,0.47263292278399066,12.547065582222855,4.025093302058317,5.360798592550144,0.46396265569485134,0.2594976768036633,3.2553950531951203,0.03525271969790244,0.944676738309725,3236.782294082109,179.792196768023,9.607066151496502,927.5601310006062,59.80626824136652,6272.5149272058525,32.30475815900682,1.0242519486339277,571.2252858005434,15.562669321159415,65.06138248397946,50.60069244747123,13.97581106521721,0.011178638638758188,98.20362967232711,61.35951148733721,79.59175253092295,0.02727425378255086,0.9037514421351917,38.83339076281266,160.66660923718734,20.989363966569115,1.667296818685361,1.5502213120093644,15.993117902736174,2150.0578251144093,2043.4702842089748,58.37100737016889,8.254110230233993,0.6775594631604028,72.25571789959064,42.28537920547802,21.13401399239454,0.5849783133222257
flux-matched,0.05,261.9019248346911,1.7592952359701284,1.3275522985531358,-0.015486157366949305,1.1038991942768916e-09,219.56819356162097,60.355772515145325,184.05349533540087,0.49107254674985396,12.586935028883223,3.967898719271512,5.436609792452589,0.460519645326288,0.2579154426414087,3.2420746754490057,0.03498172486453505,0.9448471391559368,3223.619861151008,178.05801418617867,9.693052914899122,925.794085035699,62.16476406075968,6350.568467463158,32.37284926068876,1.0228361197761162,571.083135866064,15.409733403465653,64.5629904751797,50.43598367405882,14.073346604128742,0.011146817485344448,98.42688400094012,61.253803065614285,79.51022820249341,0.027186809479573946,0.9015845170166068,38.849536357029635,160.65046364297035,20.984339011643282,1.6669510936727232,1.5500443754264155,15.998665519257688,2146.294022365462,2039.9678270794334,58.648946213826314,8.150563830535338,0.6692601872742285,72.41895194666508,42.22920938043232,21.17007171405975,0.5846555672236472
flux-matched,0.1,261.9019248346911,1.7386521906341519,1.311761790915426,-0.01512321524829427,1.0210357004325488e-09,220.36749872144574,60.24185822025417,184.9802707497478,0.5098499282930047,12.62431772644035,3.911795827070695,5.510976460866423,0.4571514490723477,0.2563637091851434,3.2289957945762273,0.03471675923428931,0.9450149945686122,3210.3379880412986,176.3300710427896,9.777771650784272,924.0039693841795,64.56841071260847,6426.850770119842,32.44611782607217,1.0215417761875762,570.9325199326641,15.265339914322356,64.09276065369922,50.25255825042742,14.172131803012935,0.011121527306950782,98.67021832788448,61.16958368011803,79.46059875575533,0.027120296797042087,0.9001309909332955,38.860405325941564,160.63959467405837,20.9790779649455,1.6666259223885052,1.5498795907129903,16.0044165219531,2142.515426432749,2036.4286551783607,58.93067915339073,8.05057639112924,0.6611918546964564,72.59754025782011,42.18905473076201,21.213891847448608,0.5844245348288776
flux-matched,0.15000000000000002,261.9019248346911,1.7171594884401997,1.2952379362355884,-0.014785792130052365,9.392522315465612e-10,221.1329248548937,60.12364544777819,185.88127609405979,0.5289614460028648,12.659328406431026,3.856885984872428,5.58376116145315,0.4538645459291114,0.2548457066719766,3.216184278360559,0.03445832271757492,0.9451799436535088,3196.9409846658914,174.6105414441551,9.861296880090695,922.191784875884,67.01685118186933,6501.222359121934,32.52510137708181,1.0203756069321879,570.7721921601628,15.12942009356936,63.651596126740934,50.0492762776726,14.271935072718792,0.01110247988293844,98.93079936370108,61.10596483177938,79.44104902697725,0.027073682108534728,0.8993511692166941,38.86627934979504,160.633720650205,20.973608106847973,1.6663204464610923,1.5497263997309407,16.010345046960094,2138.717397680857,2032.8562547867982,59.21553674735866,7.954127536191107,0.6533485546779506,72.7893646845766,42.16410415762701,21.26471595506955,0.5842808505670429
flux-matched,0.2,261.9019248346911,1.6946705923882674,1.2778717510976563,-0.01447259302019227,8.433431730736629e-10,221.86640366999916,60.00135524414481,186.75803372237473,0.5484035151303642,12.692084046669835,3.803278168346371,5.654815073953966,0.450666045479513,0.2533649820624697,3.2036687661918513,0.03420696397023839,0.9453415858076775,3183.4326030183274,172.9018227278456,9.943708277244774,920.3595245621046,69.5097336018836,6573.56199241789,32.61039008798817,1.0193448930571187,570.6007730640974,15.001947436289399,63.24059836849099,49.8248934006907,14.372482076253663,0.011089361527570233,99.20536770735687,61.06195558099223,79.44954890553184,0.02704584523642304,0.8992016203686922,38.86747360736103,160.6325263926389,20.967959770469967,1.6660338065742464,1.5495842337922652,16.016422189163627,2134.8946107843467,2029.2541017793424,59.50272597493119,7.861205322209053,0.6457246104905591,72.99198935682492,42.15345134595726,21.321670790526536,0.5842194733532882
flux-matched,0.25,261.9019248346911,1.6710350134755154,1.2595514133745205,-0.014182339993489505,8.133227424877987e-10,222.56994902037906,59.87520018199427,187.6120987901514,0.5681727324601081,12.722703238472686,3.751089408768739,5.723977308440839,0.4475637266297638,0.2519254187082324,3.191480854072585,0.03396328338385563,0.9454994779727071,3169.8158941371985,171.20654678092407,10.025090476456473,918.5091648862795,72.04672980917981,6643.769088520936,32.70263041765871,1.0184575443818198,570.4167386128578,14.882938111056642,62.861077574034354,49.578055021717894,14.47345106451063,0.011081829280182637,99.4902042816017,61.036452125152245,79.48383167902443,0.027035565032295983,0.8996345909219102,38.86434016909742,160.6356598309026,20.962166636624097,1.6657651407628449,1.549452511840267,16.022615710772886,2131.040982557943,2025.625645593111,59.79131666184553,7.771806427389471,0.6383145628452978,73.20263527226852,42.15608514125304,21.383757995329166,0.5842346499082943
flux-matched,0.30000000000000004,261.9019248346911,1.6460981971176076,1.2401622260115686,-0.013913782005124676,7.818883318577718e-10,223.24564673152983,59.74538167106071,188.44505463612194,0.5882660333610021,12.751305639901394,3.700445268005676,5.79107417127805,0.44456607900230444,0.25053125702006607,3.179655288404586,0.033727936292998986,0.945653131798797,3156.093062484412,169.52759149128195,10.105532984522188,916.6426558755445,74.62755556421807,6711.765949137833,32.802529051597084,1.0177221452051437,570.2184087957278,14.77245186365606,62.51456520892249,49.30728998872467,14.574468061563579,0.011079506841566777,99.78109624445338,61.028226780702944,79.54137117137502,0.027041503969563972,0.9005973816249512,38.85727158395465,160.64272841604537,20.956266031431678,1.66551358289084,1.549330638722039,16.028889746955535,2127.149597197022,2021.9742915330369,60.0802274623321,7.685936405671611,0.6311131550007143,73.41815446570794,42.170879385623394,21.449843503674924,0.5843198772775927
flux-matched,0.35000000000000003,261.9019248346911,1.619701575563464,1.2195867143466592,-0.013665702768298139,7.398313073281315e-10,223.89564611384955,59.61208740904396,189.25850969378183,0.6086808607419256,12.778011519304844,3.651480350639753,5.855918383366505,0.44168234685603236,0.24918711599639556,3.1682301667529207,0.033501636391850116,0.9458020107570474,3142.2653185961813,167.86809216680783,10.185130208364681,914.76191038643,77.25199241664066,6777.499749907894,32.91085714040375,1.017148009875557,570.0039357507494,14.67059341812048,62.20282889829748,49.0110038444507,14.675102000271142,0.01108198020927159,100.07330275371662,61.03591619914491,79.61935747326359,0.02706219161290146,0.9020316818313944,38.84670469164198,160.65329530835808,20.950299220344714,1.665278261324995,1.54921800357933,16.035204514751044,2123.2126298800313,2018.3033814621065,60.368211690109185,7.603610008492528,0.6241153197391542,73.63500404408319,42.196582101722576,21.518646750679743,0.5844678636208708
flux-matched,0.4,261.9019248346911,1.5916828434748644,1.1977049019661137,-0.013436926731835195,6.829452559031779e-10,224.5221532200227,59.47548898425648,190.05409591110626,0.6294153454078102,12.802941387712853,3.60433885266409,5.918308254794684,0.43892257519968425,0.24789801535804765,3.157247142649813,0.03328515933703349,0.9459455272556079,3128.332730970681,166.23145269478937,10.263981599152801,912.8687924517209,79.9199111657296,6840.9442741497105,33.028454803347195,1.0167452491563351,569.7712915951911,14.57751438918111,61.92788979823102,48.68747177559408,14.774859948786315,0.011088792959840032,100.36152109449874,61.0580086176202,79.71467104696858,0.027096006825936034,0.9038728594560307,38.83312469556199,160.66687530443804,20.944311690151096,1.665058297819274,1.5491139783922272,16.041516033637492,2119.2212700683845,2014.6161729419007,60.65384340763725,7.524851575748572,0.6173161683721288,73.84922047498158,42.23180389937667,21.588729817449355,0.5846704861228189
flux-matched,0.45,261.9019248346911,1.5618765378271373,1.174394828787087,-0.01322632331767207,6.096882998463116e-10,225.12742578284872,59.33573963687778,190.8334685656997,0.6504684969264997,12.82621571286048,3.5591751426883924,5.9780268256299305,0.4362976574491644,0.24666939786654762,3.1467516298797613,0.03307934648953192,0.9460830398406609,3114.2940784224097,164.62135612866422,10.342191907638426,910.9651047949301,82.63129681724807,6902.101365303231,33.15623583888011,1.0165248482001326,569.5182561794915,14.49341571932421,61.69204257083943,48.334831477685206,14.87318261850555,0.01109944112232244,100.63985386022338,61.09282991703415,79.8238549817771,0.027141158582018474,0.9060492047552233,38.81706953349395,160.68293046650604,20.938353407813047,1.6648528066263484,1.5490179167193088,16.047775868841384,2115.1656463594,2010.915816914558,60.93550432853803,7.449695494536006,0.610710981897635,74.05639465397516,42.275005469643396,21.65848669754736,0.5849187446606219
flux-matched,0.5,261.9019248346911,1.5301150352873631,1.149533399987611,-0.013032809650161275,5.257732027530437e-10,225.71376964052843,59.192972183496636,191.59830726533403,0.67184040349548,12.84795470180729,3.5161543661369237,6.034840991075603,0.4338193835119066,0.24550715115848368,3.1367929994076253,0.032885108712716174,0.9462138505978405,3100.1467046132216,163.04177426924184,10.419871537207085,909.0525756040239,85.38627485746744,6961.002071801635,33.29519254480534,1.0164987566718442,569.24240509619,14.418550648128708,61.49787803390073,47.95107625700717,14.969440405744068,0.011113367585881268,100.90177812063658,61.13852823708845,79.9430851898516,0.027195665257700077,0.9084811277052284,38.79913458227526,160.70086541772477,20.932479041566733,1.6646608938548475,1.5489291526896454,16.053930911888855,2111.0347554409063,2007.2053340516027,61.21137226815525,7.378186719706635,0.6042952043596242,74.2516484608751,42.324484028082026,21.726132938057617,0.5852027096612035
flux-matched,0.55,261.9019248346911,1.4962301224765224,1.1229976872612903,-0.012855352053563106,4.511448992161604e-10,226.28353631770688,59.04729711094626,192.35031781887463,0.6935324383710785,12.868278133241441,3.4754530546893454,6.088500641678291,0.4315004865053161,0.24441762808156606,3.1274247589569035,0.03270343009153145,0.9463372029165333,3085.8863772202126,161.49697563917914,10.497136971842831,907.1328446859083,88.18513854477024,7017.707452822115,33.446400494961274,1.0166799910491675,568.9410984291474,14.353228209291938,61.34830846099922,47.53404883632337,15.062930294613391,0.011129955986537885,101.1401178342032,61.19305688232637,80.0681383769904,0.027257332321458706,0.9110803111930005,38.77997772749817,160.7200222725018,20.9267481254438,1.664481657094444,1.5488470003170858,16.059923217144757,2106.816398606714,2003.4875899362385,61.479412096350266,7.3103813433611355,0.5980644383377014,74.42961376058189,42.37835857779504,21.78969599982339,0.5855114624110348
flux-matched,0.6000000000000001,261.9019248346911,1.4600553495992932,1.0946668465783413,-0.012692966624445261,4.1301007058791583e-10,226.83912127839642,58.89880085096973,193.0912345470626,0.7155474691084005,12.887305214546124,3.437259711197994,6.138737867101943,0.4293546853601398,0.24340766403496605,3.118704700943164,0.03253537136411296,0.9464522798421078,3071.5071552885975,159.9915310147589,10.574111245438536,905.2074491565745,91.0283767477327,7072.309004113183,33.611023040969826,1.0170827482798537,568.6114709386321,14.29781722865616,61.246595349751516,47.08143652854341,15.152874038434044,0.011148524026489092,101.34702118909178,61.254155252614275,80.19435771383131,0.027323728390843394,0.9137488260105429,38.760324817217494,160.73967518278255,20.921225143112757,1.66431418533637,1.5487707532265331,16.065689918324416,2102.497130472129,1999.76526929108,61.737370408245724,7.246347190207134,0.5920144423029745,74.58441512707672,42.434553889933696,21.847006801949536,0.5858330259673328
flux-matched,0.65,261.9019248346911,1.421429448582318,1.0644248712130193,-0.012544719205688842,4.1664804939500755e-10,227.38296219614824,58.74754425782836,193.82282247295032,0.7378900640602549,12.905154432457605,3.40177532319639,6.185266296976379,0.42739671923271433,0.2424845891555036,3.110694998686142,0.032382072754448335,0.9465582033235794,3057.001269823009,158.53031535451922,10.650924406230926,903.2778088569912,93.91670162277276,7124.928649155984,33.79031519940367,1.0177225286357738,568.2504246610865,14.252750760282956,61.19637922585132,46.59076870716443,15.238418141907509,0.011168316197333088,101.51394511187299,61.319327554520115,80.3166162922591,0.027392159732917528,0.9163782193117562,38.74097549654554,160.75902450345453,20.91597950053838,1.6641575592253761,1.5486996849063759,16.071163255329925,2098.0622260371924,1996.0408495100692,61.98277543366308,7.186164401023562,0.5861411292864261,74.70965798803145,42.49078315403375,21.895693072704965,0.5861542847970921
flux-matched,0.7000000000000001,261.9019248346911,1.3802011856056255,1.0321644670372876,-0.012409725105465372,4.3799275317724096e-10,227.9175363918971,58.5935613276096,194.54687868423872,0.7605666881820168,12.921943359581745,3.369213734261785,6.227780686661177,0.42564236784251464,0.24165623230256655,3.103462223178495,0.03224475575449943,0.9466540347712206,3042.35902468599,157.11850452125216,10.727713915146133,901.3452117202824,96.85107510860706,7175.718221486819,33.98562643755891,1.01861626357686,567.8546252777777,14.21853084116524,61.201710672028184,46.05941785269314,15.31863628492362,0.011188495910772806,101.63164989305481,61.385819109900474,80.42927870811083,0.027459643443955187,0.9188485964812927,38.72280938327516,160.77719061672477,20.91108534933564,1.6640108516912997,1.5486330496315366,16.07627074934156,2093.4956741447377,1992.3165737988181,62.21294405049017,7.129925945749095,0.5804405658840389,74.79842442251342,42.54452934540338,21.933175330712896,0.586460891390415
flux-matched,0.75,261.9019248346911,1.3362361261537476,0.997792419859729,-0.012287148917950163,4.5784531721437816e-10,228.4453563655663,58.43685822188513,195.26523199124128,0.7835858770517274,12.937788372144318,3.3398017699694895,6.265956901990624,0.42410844943643794,0.24093091262286723,3.0970772427649567,0.03212472321637888,0.9467387774747561,3027.5687274982874,155.7615645982539,10.804624899045525,899.4107993501638,99.83273280067525,7224.858338236118,34.19840167405159,1.0197824414596124,567.4205040954862,14.195733360364716,61.26708121381172,45.48460591088685,15.39253495723075,0.011208137093478034,101.69020776915777,61.450590193121215,80.5261615029449,0.027522879789165178,0.9210277282125121,38.706792487311525,160.79320751268838,20.906621213879752,1.6638731290247784,1.5485700842380676,16.08093557285742,2088.7802077269994,1988.5944242702633,62.42499813903056,7.077737979031497,0.5749089700247771,74.84327951415379,42.59302550881982,21.956666574826652,0.5867371584291513
flux-matched,0.8,261.9019248346911,1.289425917154141,0.9612369206096182,-0.01217620480924039,4.646523166229599e-10,228.96896209147613,58.27741269090577,195.9797398137937,0.8069583740045433,12.952804227284567,3.3137789718346404,6.299452517911821,0.4228127849251092,0.24031741296604606,3.0916149554939363,0.03202335686903963,0.9468113816017628,3012.616663572627,154.46523081500038,10.88181015892333,897.47555310471,102.86320323749061,7272.556532075619,34.430179551756574,1.0212412196611342,566.9442681058492,14.185012714486723,61.397451894315694,44.863418282401945,15.459063202739069,0.011226215385590954,101.6790303899451,61.51028752410049,80.60049377340644,0.027578224543284065,0.9227702311405811,38.693983690922245,160.80601630907773,20.902669365478687,1.6637434524820929,1.548510010971865,16.085077171067365,2083.897384065891,1984.8760953848384,62.615892888368165,7.029719912191999,0.5695427051031382,74.83629197980459,42.63323438925208,21.96317707469206,0.5869659357419549
flux-matched,0.8500000000000001,261.9019248346911,1.239700828599561,0.9224574177727706,-0.012076157628751747,4.369908879198192e-10,229.49090846336514,58.115174034155366,196.69228102169515,0.8306972102920184,12.967103441413265,3.291396736416001,6.327908323874025,0.4217741127220832,0.2398249275315015,3.087153788397057,0.03194211105989187,0.9468707526987754,2997.487130039451,153.23547208657945,10.959429808994235,895.5402810171338,105.94431996686464,7319.0444685216,34.68258670864336,1.0230145057403583,566.4219213635978,14.187105744920958,61.59827624983303,44.192828490991836,15.517127487719549,0.011241599206207792,101.58692138559927,61.56121385467992,80.6448800759341,0.02762166268706998,0.9239168929408619,38.685540982995775,160.81445901700422,20.899314876852912,1.663620880526951,1.5484520416781584,16.08861220094199,2078.8277315950354,1981.1629681757736,62.7824599971306,6.98600402408919,0.5643382669763014,74.7690737577219,42.66182817918421,21.94952602832031,0.5871284723800241
flux-matched,0.9,261.9019248346911,1.1870464293064698,0.8814576640715728,-0.011986325194808866,3.4091840461769607e-10,230.01374597647282,57.950063789732326,197.4047432371796,0.8548177021539168,12.980795405486026,3.2729165862805214,6.350951125213614,0.42101193389019265,0.23946297385050128,3.083774879630928,0.03188250113492439,0.9469157648496779,2982.1625522370346,152.0784359129701,11.037650395891177,893.6056059353757,109.07822295443633,7364.574028598462,34.95732635889046,1.025125982187249,565.8493018485633,14.202834207150845,61.875512868079355,43.4697374528027,15.565612783692396,0.011253041127955244,101.40216169377696,61.599296553955796,80.65126888428794,0.027648785527759723,0.9242942427296351,38.682726967446435,160.8172730325536,20.89664428104726,1.6635044718384722,1.5483953836389206,16.09145586347537,2073.550983438259,1977.4560857808,62.92146892683567,6.946734367249729,0.5592922589087098,74.6328443201702,42.675169631473146,21.91236227994497,0.587204265884396
flux-matched,0.9500000000000001,261.9019248346911,1.1315253638588134,0.8383026888637707,-0.01190608205064883,1.8258106138091534e-10,230.53999245399723,57.781977408526444,198.11900290834498,0.8793373317462568,12.993985170010092,3.2586072152350956,6.368198343198191,0.42054626145318236,0.23924125661912368,3.081560839077669,0.031846084417536384,0.9469452798920348,2966.623709988154,151.00036688980168,11.116643319549265,891.6719553428727,112.26734496235635,7409.411985927694,35.256159003990774,1.0276010387289989,565.222139021865,14.233104691702,62.23562068428143,42.691032269003735,15.603410955394212,0.011259170252081657,101.11263680638743,61.62005677585752,80.61093136364153,0.02765477426875608,0.9237145059667635,38.68691293209869,160.81308706790134,20.894743752892307,1.6633932892274204,1.5483392473915651,16.09352371048872,2068.0464216310775,1973.7561309497162,63.02970935551407,6.912064644072986,0.5544013478155608,74.41852659393771,42.66929644184973,21.84819674526065,0.5871709034088953
flux-matched,1.0,261.9019248346911,1.073305188451689,0.7931404106942846,-0.011834864899663757,6.70567601446237e-10,231.07209342435578,57.6107872418353,198.836896322909,0.9042754714030927,13.00677183462537,3.248739856322819,6.379265039974559,0.42039724154369545,0.23916946821626972,3.080593962690524,0.03183443125461596,0.946958174318901,2950.8501071316005,150.00749043120183,11.196582352275493,889.7395534649089,115.5143775133851,7453.832958620087,35.58087254323956,1.0304665629010503,564.5361383662517,14.278904486025702,62.685527588972725,41.85367051231278,15.629457412500315,0.011258486610089916,100.70601643842373,61.618581734477964,80.51445715329007,0.02763439428918721,0.9219761300571987,38.6995804607692,160.80041953923083,20.893696731708822,1.663286404595128,1.5482828568569473,16.09473400683914,2062.293359255391,1970.0634064780006,63.104097584470615,6.882154633114004,0.549662193200294,74.11688236840229,42.63991166633038,21.75344961657853,0.5870039030635893
