policy,rho,s,mu,b_met,SAM,met,tlogmu,alpha,residual,ds
constant-total,1.0,0.0,1.0,30.0,115.74615306889187,11.082894805626825,0.1780759735796542,-0.011411983147530119,1.566050400469976e-09,0.0
constant-total,1.0,0.050000355768411456,1.0089351569699214,30.268054709097644,117.84873721349554,11.30188018861198,0.17773813928919116,-0.011406691664732823,2.0763479824381648e-10,0.05
constant-total,1.0,0.10900093444338298,1.0195589500751092,30.58676850225328,120.38252046069424,11.566036371248323,0.17732843966680037,-0.011400708707176185,4.986839559816619e-12,0.059
constant-total,1.0,0.17862187451154649,1.032206486178669,30.96619458536007,123.4475664633415,11.885877627332551,0.17683113961900612,-0.01139398764796549,2.6694258820194846e-11,0.06961999999999999
constant-total,1.0,0.2607749997611406,1.047285285634892,31.41855856904676,127.17195552994902,12.274825968376783,0.17622761756424454,-0.011386490785200437,1.1733740140744986e-11,0.08215159999999998
constant-total,1.0,0.3577163595610762,1.0652930990830398,31.958792972491196,131.7215867325489,12.750183139804344,0.17549650723295826,-0.011378191448354938,1.2027083644263612e-11,0.09693888799999997
constant-total,1.0,0.4721082492474133,1.0868409704744297,32.60522911423289,137.31420621670802,13.334484825338254,0.1746145231573855,-0.011369074408235758,8.506961602040115e-12,0.11438788783999997
constant-total,1.0,0.607092431832942,1.1126835496980132,33.3805064909404,144.23982371499403,14.057406280578562,0.17355850917517787,-0.011359133277288984,1.318767317570746e-11,0.13497770765119996
constant-total,1.0,0.7663766026252548,1.1437597556409052,34.31279266922716,152.890944344983,14.958470105899854,0.17230945418231244,-0.011348363524895403,1.5660361896152608e-11,0.15927369502841593
constant-total,1.0,0.9543365252806721,1.1812488011494005,35.43746403448201,163.80812581396145,16.09093048208538,0.17085926823859832,-0.011336750212072306,5.937295100011397e-11,0.1879429601335308
constant-total,1.0,1.176136743193697,1.2266499257330419,36.799497771991255,177.74983209826578,17.52739793680138,0.16922056162705076,-0.011324250903923624,1.9333867840032326e-10,0.22177269295756633
constant-total,1.0,1.4261758514105403,1.279390519231153,38.38171557693459,194.95542276669858,19.282330748991466,0.1675131819240475,-0.011311354549818057,5.763922672485933e-10,0.25
constant-total,1.0,1.676214908765124,1.333858704215496,40.01576112646488,213.87772872680023,21.187372210037175,0.1659868245157544,-0.011299408547252775,8.131095796670706e-10,0.25
constant-total,1.0,1.926254236007613,1.3901484857525765,41.7044545725773,234.6675496321215,23.249163391555033,0.1646515328584325,-0.01128817955468087,1.0846719078472233e-09,0.25
constant-total,1.0,2.176294169023688,1.4483631310299834,43.450893930899504,257.481112260591,25.474331423660335,0.1634936103937943,-0.011277505685001974,1.377266301005875e-09,0.25
constant-total,1.0,2.4263350543697424,1.5086073862977187,45.25822158893156,282.478446783527,27.869516450335915,0.16247862119089412,-0.01126727698492995,1.6684893466845097e-09,0.25
constant-total,1.0,2.676377235491486,1.5709791976101213,47.12937592830364,309.8212511512019,30.441388747639355,0.16155622153804905,-0.011257421601641117,1.9271908513474045e-09,0.25
constant-total,1.0,2.9264210317298596,1.6355617887554221,49.066853662662666,339.67016899634945,33.19665527729278,0.16066640148434055,-0.01124789613835418,2.1166570718378352e-09,0.25
constant-total,1.0,3.176466712253714,1.7024170066015991,51.07251019804797,372.18145089840823,36.142054039119394,0.15974664125376117,-0.011238678866551286,2.2021637846592057e-09,0.25
constant-total,1.0,3.4265144670469683,1.7715808400775732,53.1474252023272,407.5030361369801,39.28433196582651,0.15873938652555442,-0.011229764709291639,2.161037571113411e-09,0.25
constant-total,1.0,3.6765643773559744,1.8430619164601598,55.2918574938048,445.7701790568248,42.63019859065688,0.1575991239293952,-0.011221161189752043,1.9919426108572225e-09,0.25
constant-total,1.0,3.926616388635134,1.9168435364664844,57.505306093994534,487.1008423038358,46.186244799990405,0.15629823756477218,-0.01121288482493924,1.717651798571751e-09,0.25
constant-total,1.0,4.176670289831009,1.9928894077220558,59.78668223166167,531.5911735659156,49.95881554103541,0.1548308219676794,-0.011204957711223373,1.3795720121834165e-09,0.25
constant-total,1.0,4.42672570345294,2.071152702019173,62.134581060575194,579.3114529057603,53.953829083048205,0.15321378990172815,-0.011197404275599671,1.0264429306516831e-09,0.25
constant-total,1.0,4.676782090829371,2.151587485314489,64.54762455943468,630.3029225698642,58.17654400018701,0.15148497605759606,-0.011190248325318283,7.016716097041353e-10,0.25
constant-total,1.0,4.926838775778412,2.234161090875588,67.02483272626763,684.5758728411638,62.6312873265165,0.14969845429522813,-0.011183510593391805,4.3518966208466736e-10,0.25
constant-total,1.0,5.176894987325493,2.3188657725427837,69.5659731762835,742.1092495065373,67.32117019797101,0.1479178291554307,-0.011177206951827848,2.3993251829779183e-10,0.25
constant-total,1.0,5.426949918223081,2.4057280803556615,72.17184241066985,802.8518804996404,72.24782641259068,0.14620866431298293,-0.011171347358097843,1.134541349756546e-10,0.25
constant-total,1.0,5.677002791743277,2.494814837344521,74.84444512033564,866.7252188158593,77.41121091015155,0.1446313355528199,-0.01116593547513619,4.2730263771773025e-11,0.25
constant-total,1.0,5.92705292608293,2.586235249511481,77.58705748534443,933.6273070248507,82.80948779673652,0.14323540427836695,-0.01116096880144905,1.4373831672412609e-11,0.25
constant-total,1.0,6.177099785328937,2.680139371604855,80.40418114814565,1003.4375292670373,88.43902310479406,0.14205617493200312,-0.011156439118009648,9.273339790055445e-12,0.25
constant-total,1.0,6.427143008886379,2.7767137047348402,83.30141114204521,1076.021660698246,94.29448039661828,0.1411135780400975,-0.01115233308893979,1.701392320408023e-11,0.25
constant-total,1.0,6.677182416622986,2.876175009339567,86.285250280187,1151.2367587479116,100.36900251861641,0.14041306832462802,-0.011148632929118272,1.320045765833811e-11,0.25
constant-total,1.0,6.927217992650431,2.97876346004883,89.3629038014649,1228.9355457664738,106.65445369277951,0.13994794792136175,-0.011145317113788796,9.000594502112637e-12,0.25
constant-total,1.0,7.177249854610689,3.0847361043608448,92.54208313082535,1308.9700723214803,113.14169357743194,0.13970244254288264,-0.011142361140148794,7.908393241023837e-12,0.25
constant-total,1.0,7.427278216598324,3.1943613081607762,95.83083924482328,1391.1945867100924,119.82085767819825,0.13965493329609058,-0.011139738345623996,1.2000792669483516e-11,0.25
constant-total,1.0,7.67730335274541,3.3079145689964418,99.23743706989325,1475.4676425268913,126.68162426253092,0.13978090900815987,-0.011137420761339924,9.073840666016822e-12,0.25
constant-total,1.0,7.927325566106337,3.4256758170374386,102.77027451112316,1561.6535417786367,133.71345454278617,0.1400553866702289,-0.01113537995584518,8.130383226736786e-12,0.25
constant-total,1.0,8.177345164933797,3.547928135015285,106.43784405045855,1649.623238993463,140.90579886686507,0.14045470579011604,-0.011133587813500299,1.831417382131836e-11,0.25
constant-total,1.0,8.427362446457758,3.674957716420821,110.24873149262463,1739.2548323195476,148.248266313261,0.14095771558142162,-0.011132017199388165,1.4182754973025975e-11,0.25
constant-total,1.0,8.677377687106256,3.807054833663658,114.21164500990974,1830.4337524105936,155.73075832609453,0.1415464402956436,-0.011130642478571378,6.934897101018578e-12,0.25
constant-total,1.0,8.927391137642509,3.9445155864339845,118.33546759301953,1923.0527385015325,163.3435690507277,0.14220633624721746,-0.011129439880339893,1.6720579700561607e-11,0.25
constant-total,1.0,9.177403021701082,4.087644227268724,122.62932681806171,2017.0116697179194,171.0774561456855,0.14292625616671822,-0.011128387715101246,9.973679119633238e-12,0.25
constant-total,1.0,9.427413536457074,4.236755901584724,127.10267704754172,2112.217301271113,178.9236863162205,0.14369822347348976,-0.01112746646359666,6.821210263296962e-12,0.25
constant-total,1.0,9.677422854485258,4.392179683541689,131.76539050625067,2208.5829408714567,186.87405986844175,0.14451709936194157,-0.01112665876538134,9.680335616114615e-12,0.25
constant-total,1.0,9.927431126167656,4.55426183090273,136.6278549270819,2306.028090132797,194.92091836965523,0.14538020474447025,-0.011125949332315008,4.091179319142108e-12,0.25
constant-total,1.0,10.177438482247968,4.723369218695682,141.70107656087046,2404.4780682540477,203.05713913129148,0.14628694020770017,-0.011125324813097248,3.520122042223496e-12,0.25
constant-total,1.0,10.427445036303304,4.899892942044356,146.99678826133066,2503.8636300466774,211.2761197801951,0.14723843160346609,-0.011124773628298678,9.093648609077364e-12,0.25
constant-total,1.0,10.677450887017535,5.084252103368429,152.52756310105286,2604.1205867465633,219.57175570396407,0.1482372170144846,-0.01112428579274736,9.093648609077364e-12,0.25
constant-total,1.0,10.927456120210588,5.276897819214,158.30693457642,2705.1894354881647,227.93841268196888,0.14928698231389514,-0.011123852736453521,1.0560366126670487e-11,0.25
constant-total,1.0,11.177460810617918,5.478317498506535,164.34952495519605,2807.015001470698,236.37089656910828,0.15039234681967822,-0.011123467132506788,1.028865881380625e-11,0.25
constant-total,1.0,11.427465023435024,5.689039458290326,170.67118374870978,2909.5460954748432,244.86442149850026,0.15155869700722138,-0.011123122736362356,1.5253862182968483e-11,0.25
constant-total,1.0,11.677468815650919,5.909637956247878,177.28913868743635,3012.735188346347,253.4145777193548,0.152792064309157,-0.011122814240212503,5.229594535194337e-12,0.25
constant-total,1.0,11.927472237197076,6.140738732600825,184.22216197802476,3116.538103256386,262.0172998892009,0.1540990422168674,-0.011122537142227357,1.2027083644263612e-11,0.25
constant-total,1.0,12.177475331937645,6.383025168419078,191.49075505257233,3220.9137259183453,270.66883639368723,0.1554867378239312,-0.01112228763240618,7.503331289626658e-12,0.25
constant-total,1.0,12.427478138524455,6.637245183900383,199.1173555170115,3325.8237324473303,279.3657200682053,0.15696275333803117,-0.011122062492803791,2.02407017427851e-11,0.25
constant-total,1.0,12.677480691137744,6.9042190198309425,207.12657059492827,3431.232334162542,288.10474053810657,0.15853519373735703,-0.011121859012058906,5.357492227631155e-12,0.25
constant-total,1.0,12.927483020130817,7.184848069270562,215.54544207811688,3537.1060383317445,296.8829182721837,0.16021269752950373,-0.011121674912784324,4.661160346586257e-12,0.25
constant-total,1.0,13.177485152594572,7.480124955741427,224.4037486722428,3643.413423621003,305.69748035129044,0.16200448840460446,-0.011121508290180483,4.986839559816619e-12,0.25
constant-total,1.0,13.427487112855813,7.791145090282713,233.7343527084814,3750.1249288251315,314.54583788464237,0.1639204464154633,-0.01112135756135732,2.1819623035424578e-12,0.25
constant-total,1.0,13.677488922921752,8.119119984442065,243.57359953326196,3857.2126532988877,323.4255649552614,0.16597119814794556,-0.011121221423213397,5.573526566853869e-12,0.25
constant-total,1.0,13.927490602881905,8.465392651842789,253.96177955528367,3964.6501673702546,332.3343789384745,0.16816822616443772,-0.011121098818985273,4.091179319142108e-12,0.25
constant-total,1.0,14.177492171277825,8.831455500247326,264.9436650074198,4072.4123308819712,341.2701220093109,0.1705239988253175,-0.011120988912033102,1.5547205686487106e-11,0.25
constant-total,1.0,14.427493645450726,9.21897120271705,276.5691360815115,4180.475117860181,350.2307436324794,0.17305212244012994,-0.011120891066422577,1.378714466537536e-11,0.25
constant-total,1.0,14.677495041877096,9.629797145346101,288.89391436038306,4288.815445135006,359.2142838092295,0.1757675186022964,-0.011120804834186706,9.38699211259599e-12,0.25
constant-total,1.0,14.927496376502868,10.06601418641545,301.98042559246346,4397.411002520786,368.2188568359356,0.1786866305561864,-0.01112072994882832,1.818729721815473e-11,0.25
constant-total,1.0,15.177497665087836,10.529960635987123,315.8988190796137,4506.24008188389,377.2426353069982,0.18182766357889962,-0.01112066632599779,1.5253862182968483e-11,0.25
constant-total,1.0,15.42749892357369,11.024272586986884,330.7281776096065,4615.281402060851,386.283834066873,0.18521086568613887,-0.01112061407138837,9.093648609077364e-12,0.25
constant-total,1.0,15.677500168491706,11.551932013490942,346.55796040472825,4724.5139261101085,395.3406937796516,0.1888588565589317,-0.011120573497813039,9.093648609077364e-12,0.25
constant-total,1.0,15.927501417430014,12.116324419167707,363.4897325750312,4833.916666749936,404.4114637362129,0.19279701451736936,-0.01112054515340553,1.496051867944986e-11,0.25
constant-total,1.0,16.177502689584937,12.72130830823284,381.63924924698523,4943.468477361262,413.49438364962873,0.197053934837414,-0.011120529864084759,2.655084935841094e-10,0.25
constant-total,1.0,16.42750400643407,13.37129928671036,401.13897860131084,5053.14780825191,422.58766272634307,0.2016619679459314,-0.011120528796178013,3.814113125748282e-10,0.25
constant-total,1.0,16.677505392563067,14.07137268683283,422.1411806049849,5162.932456464932,431.6894583360073,0.20665787284265244,-0.011120543546891102,5.11083306477533e-10,0.25
constant-total,1.0,16.927506876721232,14.827389256533788,444.82167769601364,5272.7992516391205,440.7978494891361,0.21208358698093382,-0.011120576275709181,6.586343330400822e-10,0.25
constant-total,1.0,17.17750849317386,15.646150352931762,469.3845105879529,5382.72370220467,449.9108071206309,0.21798715830870635,-0.011120629897346392,8.294172615172373e-10,0.25
