a,Y,rho,dF
2.45,0.4609992324739917,0.08922970637520547,-0.4510128776502586
2.4525,0.46118662743180056,0.08932884126488856,-0.4501480332486096
2.455,0.4613745964949842,0.08942833912775561,-0.4492814665024713
2.4575,0.46156314339799864,0.08952820247313001,-0.44841316773347456
2.46,0.46175227191332624,0.08962843383661759,-0.4475431272438212
2.4625000000000004,0.4619419858520009,0.08972903578047657,-0.44667133518028196
2.4650000000000003,0.4621322890641502,0.08983001089399789,-0.44579778164799405
2.4675000000000002,0.4623231854395465,0.0899313617938921,-0.44492245661886803
2.47,0.46251467890665376,0.09003309112387886,-0.44404537155595664
2.4725,0.4627067734157415,0.09013520154580293,-0.44316653980969173
2.475,0.46289947297104944,0.09023769575681595,-0.44228590642125803
2.4775,0.46309278162691675,0.09034057648743668,-0.44140346101284583
2.48,0.4632867034791013,0.09044384649704248,-0.4405191930567653
2.4825000000000004,0.46348124266678975,0.09054750857504311,-0.439633091972591
2.4850000000000003,0.4636764033729427,0.09065156554117125,-0.4387451470466707
2.4875000000000003,0.46387218982492867,0.09075602024592874,-0.43785534747098337
2.49,0.4640686062951719,0.09086087557104204,-0.43696368231538324
2.4925,0.4642656571018144,0.09096613442992783,-0.43607014058588683
2.495,0.46446334660937805,0.0910717997681603,-0.43517471111087497
2.4975,0.4646616792294604,0.091177874563959,-0.4342773826576662
2.5,0.46486065942142585,0.09128436182867654,-0.43337814387423007
2.5025000000000004,0.4650602916931153,0.09139126460729814,-0.4324769832697583
2.5050000000000003,0.46526058060157044,0.09149858597895168,-0.43157388927017587
2.5075000000000003,0.465461530753773,0.09160632905742816,-0.4306688501459765
2.5100000000000002,0.4656631468073932,0.09171449699170937,-0.4297618540843872
2.5125,0.4658654334715576,0.09182309296650874,-0.4288528891449594
2.515,0.4660683955076292,0.09193212020282093,-0.42794194322071094
2.5175,0.4662720377300032,0.0920415819584832,-0.4270290041491486
2.52,0.4664763650069195,0.09215148152874755,-0.4261140595984702
2.5225,0.466681382261288,0.09226182224686326,-0.4251970971008711
2.5250000000000004,0.46688709447153254,0.09237260748467185,-0.4242781040886267
2.5275000000000003,0.4670935066724523,0.09248384065321451,-0.42335706784413224
2.5300000000000002,0.46730062395609995,0.09259552520335138,-0.4224339755110051
2.5325,0.4675084514726663,0.09270766462638737,-0.42150881410796254
2.535,0.4677169944314069,0.09282026245472383,-0.42058157051771955
2.5375,0.46792625810156474,0.0929333222625111,-0.4196522314647843
2.54,0.46813624781332014,0.09304684766631893,-0.4187207835487649
2.5425,0.46834696895875977,0.09316084232582077,-0.4177872132221649
2.5450000000000004,0.4685584269928653,0.09327530994449183,-0.41685150677095434
2.5475000000000003,0.46877062743452086,0.09339025427032085,-0.41591365037008104
2.5500000000000003,0.468983575867543,0.09350567909653766,-0.41497362999465265
2.5525,0.46919727794172966,0.09362158826235445,-0.4140314315087545
2.555,0.469411739373933,0.09373798565372396,-0.41308704060438733
2.5575,0.4696269659491534,0.09385487520411272,-0.41214044280979406
2.56,0.4698429635216555,0.09397226089529025,-0.41119162349501076
2.5625,0.4700597380161101,0.09409014675813616,-0.41024056786631563
2.565,0.4702772954287605,0.09420853687346485,-0.4092872609717801
2.5675000000000003,0.47049564182859777,0.09432743537285897,-0.40833168767073763
2.5700000000000003,0.47071478335859573,0.09444684643953977,-0.40737383267819277
2.5725000000000002,0.4709347262369377,0.09456677430923738,-0.40641368051763654
2.575,0.4711554767582858,0.09468722327108857,-0.4054512155293732
2.5775,0.4713770412950758,0.09480819766855349,-0.40448642188439793
2.58,0.4715994262988377,0.09492970190035045,-0.40351928357884587
2.5825,0.47182263830154686,0.09505174042141283,-0.40254978440346084
2.585,0.4720466839170043,0.0951743177438666,-0.4015779079796777
2.5875000000000004,0.4722715698422465,0.09529743843802908,-0.40060363771243773
2.5900000000000003,0.4724973028589878,0.09542110713343063,-0.39962695683459776
2.5925000000000002,0.4727238898350923,0.0955453285198581,-0.3986478483652966
2.595,0.47295133772608117,0.09567010734842274,-0.39766629514326185
2.5975,0.4731796535766724,0.09579544843265185,-0.3966822797601965
2.6,0.4734088445223586,0.09592135664960687,-0.3956957846551478
2.6025,0.47363891779099915,0.09604783694101525,-0.3947067919951585
2.605,0.47386988070449443,0.09617489431445356,-0.39371528378351334
2.6075,0.4741017406804509,0.09630253384453161,-0.39272124176814577
2.6100000000000003,0.47433450523390963,0.09643076067411788,-0.39172464748882246
2.6125000000000003,0.4745681819791057,0.09655958001558879,-0.3907254822632655
2.615,0.4748027786312739,0.09668899715210952,-0.38972372717605
2.6175,0.4750383030084915,0.09681901743894289,-0.38871936304807336
2.62,0.47527476303356764,0.09694964630479048,-0.3877123705003926
2.6225,0.4755121667359751,0.09708088925316458,-0.38670272987650905
2.625,0.4757505222538279,0.09721275186379305,-0.3856904213034306
2.6275,0.4759898378359068,0.09734523979405801,-0.3846754246555894
2.6300000000000003,0.4762301218437321,0.09747835878046891,-0.38365771949933064
2.6325000000000003,0.4764713827536932,0.09761211464017477,-0.38263728519838386
2.6350000000000002,0.4767136291591973,0.09774651327249546,-0.38161410081116726
2.6375,0.4769568697729318,0.09788156066052468,-0.38058814516572775
2.64,0.4772011134291231,0.09801726287273942,-0.3795593967625965
2.6425,0.47744636908587856,0.09815362606466475,-0.37852783386638217
2.645,0.47769264582757986,0.0982906564805765,-0.3774934344197289
2.6475,0.4779399528673361,0.0984283604552465,-0.3764561760960516
2.6500000000000004,0.4781882995495008,0.09856674441573336,-0.3754160362579028
2.6525000000000003,0.4784376953522463,0.098705814883215,-0.37437299199583046
2.6550000000000002,0.47868814989020714,0.09884557847487034,-0.3733270200340088
2.6575,0.4789396729171901,0.09898604190580844,-0.37227809682183194
2.66,0.4791922743289501,0.09912721199104561,-0.3712261984922804
2.6625,0.47944596416604923,0.09926909564754015,-0.37017130082861444
2.665,0.4797007526167454,0.09941169989625523,-0.3691133793032319
2.6675,0.4799566500200352,0.09955503186432,-0.36805240901383035
2.67,0.4802136668687024,0.09969909878720618,-0.3669883647666738
2.6725000000000003,0.48047181381247966,0.09984390801098052,-0.3659212209600193
2.6750000000000003,0.4807311016612866,0.09998946699461356,-0.3648509516507303
2.6775,0.48099154135628786,0.10013578329421563,-0.3637776278125892
2.68,0.481253143994105,0.10028286457709999,-0.3627011340406882
2.6825,0.48151592088329936,0.10043071865407754,-0.3616214357821112
2.685,0.4817798835065947,0.10057935345880543,-0.360538505592145
2.6875,0.48204504352438027,0.10072877705031583,-0.3594523156319473
2.69,0.48231141277850487,0.10087899761572361,-0.35836283766021987
2.6925000000000003,0.48257900329618675,0.10103002347301586,-0.3572700430137798
2.6950000000000003,0.4828478272939749,0.10118186307388659,-0.3561739026131105
2.6975000000000002,0.4831178971819264,0.10133452500671065,-0.3550743869651373
2.7,0.48338922556780234,0.10148801799954602,-0.35397146608551194
2.7025,0.4836618252614228,0.1016423509232439,-0.35286510957632794
2.705,0.48393570927940527,0.1017975327947951,-0.35175528658448746
2.7075,0.48421089084844227,0.10195357277986769,-0.3506419657545167
2.71,0.4844873834126738,0.10211048019768572,-0.34952511528685276
2.7125000000000004,0.4847652006359125,0.10226826452301109,-0.34840470287955666
2.7150000000000003,0.4850443564079731,0.10242693539047329,-0.34728069569778247
2.7175000000000002,0.4853248648495594,0.10258650259810385,-0.3461530604459417
2.72,0.48560674031758355,0.10274697611113906,-0.34502176328721207
2.7225,0.4858899974105725,0.10290836606589544,-0.3438867698157821
2.725,0.4861746509743637,0.1030706827738349,-0.34274804513179097
2.725,1.080928449573767,0.5581016021741239,0.02370160920761894
2.725,1.1374611832818367,0.5954148672666842,-0.024742605274030147
2.7275,0.4864607161078503,0.1032339367256828,-0.34160555371920415
2.7275,1.062175538708551,0.5451163533198048,0.039099912704295456
2.7275,1.1570656057881292,0.607701660213592,-0.04203160253345465
2.73,0.48674820816895453,0.10339813859570256,-0.34045925954018225
2.73,1.0491776206023362,0.5359428741128014,0.04951529987284598
2.73,1.1709138796721348,0.6161772038313831,-0.05434156211741794
2.7325,0.48703714278077126,0.10356329924609423,-0.3393091259407121
2.7325,1.0386322543051443,0.5283979363125573,0.0577912917703567
2.7325,1.182308227380831,0.6230245734443384,-0.0645130058954236
2.7350000000000003,0.4873275358378981,0.10372942973152761,-0.3381551156922402
2.7350000000000003,1.0295407273172075,0.5218207362927422,0.06478718671351173
2.7350000000000003,1.192247011636815,0.628904345993619,-0.07340761071829734
2.7375000000000003,0.48761940351296074,0.10389654130381573,-0.3369971909250591
2.7375000000000003,1.0214400210801717,0.5159046951972511,0.07090420593464165
2.7375000000000003,1.201193830564597,0.6341234715800297,-0.08143163443120749
2.74,0.48791276226334046,0.10406464541673405,-0.33583531315051207
2.74,1.0140699229584842,0.5104773613162024,0.07637239749214224
2.74,1.2094083625873557,0.638854049122486,-0.08880226796661364
2.7425,0.4882076288381083,0.1042337537309889,-0.334669443255442
2.7425,1.0072673819188749,0.5054306127525171,0.08132501407469235
2.7425,1.2170540417508309,0.6432044381753124,-0.09566957942684616
2.745,0.4885040202851763,0.10440387811934224,-0.33349954144112903
2.745,1.0009218898486223,0.500691098436763,0.08586780815902928
2.745,1.2242409794484097,0.647247740142784,-0.1021236145392602
2.7475,0.48880195395869325,0.1045750306719101,-0.3323255672593728
2.7475,0.9949547412781133,0.49620655102940453,0.09006047853588049
2.7475,1.2310482611007827,0.6510364494876246,-0.10823419837793712
2.75,0.4891014475265854,0.10474722370157837,-0.33114747957363466
2.75,0.9893072094663303,0.4919379218631511,0.09396157967800355
2.75,1.2375342206469435,0.6546093622464189,-0.1140574715990761
2.7525,0.4894025189785072,0.10492046974968988,-0.32996523652573106
2.7525,0.9839345079410023,0.48785543328681785,0.09760629490207505
2.7525,1.2437438742294642,0.6579964125671869,-0.11962538605071321
2.755,0.4897051866338881,0.10509478159182387,-0.3287787955275068
2.755,0.9788010546228684,0.4839353787375997,0.10102614730889135
2.755,1.2497127308738019,0.6612212195976429,-0.12497337448361996
2.7575000000000003,0.4900094691503124,0.1052701722438048,-0.32758811327193715
2.7575000000000003,0.9738785295349047,0.48015890219842644,0.10425020967042008
2.7575000000000003,1.2554690319027995,0.6643026201771968,-0.1301285570219658
2.7600000000000002,0.4903153855321576,0.10544665496790065,-0.3263931457053726
2.7600000000000002,0.969143610088856,0.47651044844779705,0.10729044350732407
2.7600000000000002,1.2610361061133228,0.6672561584512728,-0.13510588902327672
2.7625,0.490622955139521,0.10562424327922769,-0.32519384794427175
2.7625,0.9645768872480619,0.47297705771145054,0.11017169246896329
2.7625,1.2664333815572375,0.6700947804337577,-0.1399231983599609
2.765,0.49093219769743757,0.10580295095236653,-0.3239901743612439
2.765,0.960162203970171,0.4695479512978042,0.112907293059461
2.765,1.2716770242386761,0.6728292909151654,-0.144602789752145
2.7675,0.49124313330540764,0.10598279202820121,-0.3227820784795776
2.7675,0.9558856250429272,0.46621380511912625,0.1155036761901762
2.7675,1.2767808087444004,0.6754689012058162,-0.14914876360861487
2.77,0.49155578244723924,0.10616378082098633,-0.32156951298989433
2.77,0.9517352402145625,0.46296664998594184,0.1179780140636577
2.77,1.2817566941992309,0.6780215955948342,-0.15357201518947372
2.7725,0.49187016600125183,0.1063459319256708,-0.3203524297362703
2.7725,0.9477008172203258,0.4597996444307525,0.12033874188799308
2.7725,1.286615029321015,0.680494289612732,-0.1578835114427304
2.7750000000000004,0.4921863052507124,0.10652926022540582,-0.31913077967460346
2.7750000000000004,0.9437732826631893,0.4567067014481393,0.12258758755323561
2.7750000000000004,1.2913647052164177,0.6828929526720235,-0.1620956586024271
2.7775000000000003,0.492504221894839,0.10671378089943327,-0.3179045128282043
2.7775000000000003,0.9399446799330957,0.45368248131981215,0.12473817516678308
2.7775000000000003,1.2960136173690542,0.6852228779603808,-0.16620958388509796
2.7800000000000002,0.49282393805999264,0.10689950943113684,-0.31667357834885834
2.7800000000000002,0.9362080536711261,0.450722322879088,0.12679655479463925
2.7800000000000002,1.3005688142819276,0.6874887838198279,-0.1702317803884863
2.7825,0.49314547631133926,0.10708646161642177,-0.3154379243891503
2.7825,0.9325571533314987,0.44782202703047475,0.12876327294963907
2.7825,1.305036563489845,0.6896948692421179,-0.17416803258315772
2.785,0.4934688596649155,0.10727465357238695,-0.31419749814132203
2.785,0.9289863109902535,0.44497777362471796,0.1306466028028197
2.785,1.3094224067929132,0.6918448610958684,-0.17802918059144818
2.7875,0.4937941116001089,0.10746410174629842,-0.3129522457734346
2.7875,0.9254905413738871,0.44218621319245277,0.13245249425031247
2.7875,1.3137312866610735,0.6939420933698094,-0.1818147905240749
2.79,0.4941212560725971,0.10765482292489247,-0.31170211246545065
2.79,0.9220653392914079,0.4394443162300219,0.13418363967732105
2.79,1.3179677603746187,0.695989624953517,-0.18552815609768633
2.7925,0.4944503175277397,0.10784683424400758,-0.3104470422760075
2.7925,0.9187065210947103,0.4367492545327541,0.1358401500284323
2.7925,1.3221359566804296,0.6979902291006421,-0.18917313059634483
2.795,0.49478132091446025,0.10804015319857029,-0.30918697822845953
2.795,0.9154103278141377,0.4340984907450983,0.13743008660527245
2.795,1.3262396288169915,0.6999464289063657,-0.19275322329797334
2.7975000000000003,0.49511429169966,0.10823479765296165,-0.3079218622026314
2.7975000000000003,0.9121733678052997,0.4314897389482263,0.1389563915543679
2.7975000000000003,1.3302821420725022,0.7018605002811595,-0.19627741041333113
2.8000000000000003,0.4954492558830176,0.10843078585168303,-0.3066516349264914
2.8000000000000003,0.9089925187620663,0.42892089124201377,0.1404194268139758
2.8000000000000003,1.3342665734562567,0.7037345272150436,-0.1997427291849591
2.8025,0.4957862400126195,0.10862813643058389,-0.3053762359622736
2.8025,0.9058648288375665,0.4263899421872343,0.14182090374292855
2.8025,1.338195811641917,0.7055704548707248,-0.20315173725613733
2.805,0.4961252712009032,0.10882686842835296,-0.3040956036176601
2.805,0.9027876454092773,0.42389509671937664,0.1431663350925927
2.805,1.3420725153508348,0.7073700750261734,-0.20650694855712137
2.8075,0.4964663771413256,0.10902700129851713,-0.3028096750012921
2.8075,0.8997585341239775,0.42143470844399783,0.14445781944538716
2.8075,1.3458991381188674,0.7091350425344943,-0.209810687286421
2.81,0.49680958612563947,0.10922855492188407,-0.30151838590897206
2.81,0.8967752282673238,0.4190072416051557,0.14569518526630354
2.81,1.3496779375303685,0.7108668840012186,-0.21306784477728627
2.8125,0.49715492706183717,0.10943154961946652,-0.3002216707986838
2.8125,0.8938355533507799,0.41661121217599056,0.14687939227098212
2.8125,1.353410949223749,0.7125669900917028,-0.21628020511818108
2.815,0.49750242949278534,0.1096360061659075,-0.2989194627850411
2.815,0.8909375421729934,0.4142452837915275,0.14801517647655693
2.815,1.3571001255809476,0.7142366823842263,-0.21944687726702156
2.8175,0.497852123615583,0.10984194580342949,-0.29761169356989914
2.8175,0.8880793752122315,0.41190822149150963,0.14910408910884243
2.8175,1.3607472959890818,0.7158771977114929,-0.22256961384729457
2.8200000000000003,0.49820404029629256,0.11004939025315681,-0.2962983317783552
2.8200000000000003,0.8852593486207693,0.4095988674514668,0.15014673556690283
2.8200000000000003,1.3643541671596835,0.7174896909087707,-0.2256500529201099
2.8225000000000002,0.49855821096865743,0.11025836165804272,-0.2949793925205446
2.8225000000000002,0.8824758097287555,0.4073160896807841,0.15114138399718868
2.8225000000000002,1.367922334328677,0.7190752422619926,-0.2286897282443938
2.825,0.49891466785373084,0.11046888271511247,-0.29365468064979083
2.825,0.8797272338638193,0.40505884630565187,0.15209331057364217
2.825,1.3714532848490089,0.7206348613204113,-0.2316921055632816
2.8275,0.49927344396711637,0.11068097668287516,-0.2923241218477646
2.8275,0.8770122159845121,0.4028261801843303,0.15300369256010526
2.8275,1.3749483656205521,0.7221694747272662,-0.23465929775592523
2.83,0.499634573087281,0.11089466736576277,-0.29098764021961987
2.83,0.8743294319056115,0.4006171883058483,0.15387363396790477
2.83,1.3784088850427305,0.7236799730108385,-0.23758959819040287
2.8325,0.49999808978004806,0.11110997913180048,-0.28964515815244063
2.8325,0.8716776117878752,0.3984310009748901,0.15470094079650387
2.8325,1.3818360866858959,0.7251672002240247,-0.24048421620111213
2.835,0.5003640294241049,0.11132693693101256,-0.2882965962847095
2.835,0.8690555219621704,0.3962667676569467,0.1554886172705494
2.835,1.3852311420540555,0.7266319521510617,-0.2433442930806667
2.8375000000000004,0.5007324282375774,0.11154556631460147,-0.2869418735340634
2.8375000000000004,0.866462044499122,0.39412372348541747,0.15623884918047892
2.8375000000000004,1.388595156294906,0.7280749801077444,-0.24617090727787483
2.8400000000000003,0.5011033233057237,0.11176589345493826,-0.2855809069168824
2.8400000000000003,0.8638961222643133,0.39200114481777987,0.15695249375169418
2.8400000000000003,1.3919291733295134,0.7294969943595327,-0.24896507947157845
2.8425000000000002,0.5014767526098491,0.11198794516643326,-0.2842136115566163
2.8425000000000002,0.8613567513738903,0.38989834370439286,0.15763015220882082
2.8425000000000002,1.3952341682580507,0.7308986620382784,-0.25173066399542376
2.845,0.5018527550572173,0.11221174892716099,-0.2828399006171711
2.845,0.8588429408102364,0.3878146350392875,0.15826878446700832
2.845,1.3985110346939782,0.7322806029920998,-0.2544671630983725
2.8475,0.5022313705127368,0.11243733290171125,-0.28145968524184717
2.8475,0.856353753804661,0.3857493713558979,0.15887317704188497
2.8475,1.401760659135354,0.7336434221695054,-0.25717382126804444
2.85,0.5026126398315751,0.11266472596477167,-0.2800728744367653
2.85,0.8538883271569265,0.3837019594572484,0.15944400305056838
2.85,1.4049838865037916,0.7349876956646835,-0.25985147400255976
2.8525,0.5029966048934166,0.11289395772587763,-0.27867937510417384
2.8525,0.8514458369189882,0.38167183249024333,0.15998189787369554
2.8525,1.4081815194471405,0.7363139711870236,-0.26250091639285567
2.855,0.5033833086382195,0.11312505855525334,-0.2772790918259549
2.855,0.8490254947999462,0.3796584474014895,0.16048678058155907
2.855,1.4113543212410766,0.737622769994456,-0.26512290585760595
2.8575,0.5037727951035813,0.11335805961082102,-0.275871926935789
2.8575,0.8466265094559152,0.3776612531067486,0.16095661133364025
2.8575,1.4145030184323026,0.7389145886572148,-0.2677181645909156
2.8600000000000003,0.5041651094638054,0.11359299286644452,-0.27445778030266155
2.8600000000000003,0.8442481407005002,0.37567973593829557,0.1613952627099735
2.8600000000000003,1.4176283027260181,0.7401899004563752,-0.2702880001769856
2.8625000000000003,0.5045602980708155,0.11382989114150814,-0.27303654936972066
2.8625000000000003,0.8418896987627277,0.3737134194430167,0.16180323645365036
2.8625000000000003,1.4207308050413756,0.7414491454707213,-0.27283588687741395
2.865,0.504958408496676,0.11406878813169848,-0.2716081289710903
2.865,0.8395505213640573,0.37176184563640124,0.16218100623577314
2.865,1.423811140805702,0.7426927496627137,-0.2753588902472089
2.8675,0.5053594895786545,0.11430971844156397,-0.2701724112819104
2.8675,0.8372299717066027,0.369824573619335,0.1625286755846389
2.8675,1.4268699146726076,0.7439211271084755,-0.2778576182975599
2.87,0.5057635914659112,0.11455271761831892,-0.26872928575172317
2.87,0.8349274063130917,0.36790115298021997,0.16284359706797424
2.87,1.4299077046700739,0.7451346739623173,-0.2803326531453766
2.8725,0.506170765668638,0.11479782218740131,-0.2672786389323889
2.8725,0.8326422145655328,0.36599115703525414,0.1631296237480928
2.8725,1.4329250638080664,0.7463337695304557,-0.2827845527592152
2.875,0.5065810651095315,0.11504506968973169,-0.26582035441147234
2.875,0.8303738292909604,0.3640941919513785,0.16338712751085005
2.875,1.435922521563722,0.74751877726327,-0.28521385226480284
2.8775,0.5069945441778001,0.11529449872081059,-0.26435431270677157
2.8775,0.8281217029338949,0.3622098770770232,0.16361645848173012
2.8775,1.438900585259876,0.7486900456753246,-0.2876210652794875
2.88,0.507411258785831,0.11554614897175176,-0.26288039116639794
2.88,0.825885306324719,0.3603378441156007,0.16381794585296205
2.88,1.4418597413367262,0.7498479091957511,-0.29000668511623706
2.8825000000000003,0.5078312664287599,0.11580006127241546,-0.2613984637911404
2.8825000000000003,0.8236641113465033,0.358477722798038,0.16398897698111092
2.8825000000000003,1.4448004423417733,0.7509926834475235,-0.29237441772759776
2.8850000000000002,0.5082546262466519,0.1160562776364893,-0.2599084011845054
2.8850000000000002,0.8214575917358955,0.35662914170609455,0.16413214972699208
2.8850000000000002,1.4477231144395566,0.7521246685978262,-0.2947218782468089
2.8875,0.5086813990906002,0.11631484130932811,-0.25841007033622354
2.8875,0.8192652674564859,0.35479176561798886,0.16424838278905618
2.8875,1.4506281898146143,0.7532441621762239,-0.2970490098291717
2.89,0.5091116475915457,0.11657579681785564,-0.25690333451677816
2.89,0.8170866733650777,0.3529652694418222,0.16433792707215567
2.89,1.4535160842293042,0.75435145053213,-0.29935623897621794
2.8925,0.5095454362329795,0.11683919002325643,-0.2553880531830366
2.8925,0.8149213575229332,0.3511493369469837,0.16440101633374837
2.8925,1.4563871975840492,0.7554468093019175,-0.3016439765464413
2.895,0.5099828314274398,0.11710506817643396,-0.25386408172289876
2.895,0.8127688774154941,0.34934365773052456,0.16443663012899457
2.895,1.4592419147469753,0.756530503964655,-0.3039126187025306
2.8975,0.5104239015971093,0.1173734799764505,-0.25233127136647937
2.8975,0.810628772929213,0.3475479046665787,0.16444406633620012
2.8975,1.4620806063333422,0.7576027903630075,-0.3061625474930938
2.9000000000000004,0.5108687172587625,0.11764447563213433,-0.25078946898071663
2.9000000000000004,0.8085006189383557,0.34576177814395864,0.16442567847829714
2.9000000000000004,1.464903629429388,0.7586639151884845,-0.3083941317203964
2.9025000000000003,0.5113173511134639,0.11791810692713224,-0.24923851691949214
2.9025000000000003,0.8063840093908118,0.34398499284804546,0.1643816338159354
2.9025000000000003,1.4677113282743037,0.7597141164373814,-0.31060772746828763
2.9050000000000002,0.5117698781406369,0.11819442728821361,-0.2476782527738308
2.9050000000000002,0.8042785475820318,0.34221726971185634,0.16431208457734492
2.9050000000000002,1.4705040268534475,0.7607536208504704,-0.31280615010928586
2.9075,0.5122263756985553,0.1184734918581184,-0.24610850922757163
2.9075,0.8021838455098419,0.34045833547828835,0.1642171681581761
2.9075,1.473282024982806,0.7617826427175719,-0.31498811547280464
2.91,0.5126869236294175,0.11875535757187,-0.24452911380201667
2.91,0.8000995120756655,0.3387079128900296,0.16409461960353866
2.91,1.4760456322839604,0.7628013966511837,-0.3171530027359853
2.9125,0.5131516043709556,0.11904008323779214,-0.24293988870605074
2.9125,0.798025146869238,0.3369657155604296,0.16394611109249446
2.9125,1.4787951489355895,0.7638100905147783,-0.3193011260530325
2.915,0.5136205030744805,0.11932772962321965,-0.24134065044756345
2.915,0.7959603837738356,0.3352314846886866,0.163772583400279
2.915,1.481530865006372,0.7648089253218495,-0.3214327893176915
2.9175,0.5140937077298717,0.11961835954527156,-0.23973120975573356
2.9175,0.7939048643846898,0.33350496682722053,0.16357411500300678
2.9175,1.484253060926369,0.7657980955510395,-0.32354828697040666
2.92,0.5145713092981654,0.11991203796714439,-0.23811137118689982
2.92,0.7918582360682942,0.3317859123345171,0.1633507705101067
2.92,1.486962007926192,0.7667777894411991,-0.3256479042130882
2.9225000000000003,0.5150534017259225,0.12020883202248663,-0.23648110827334531
2.9225000000000003,0.7898201514466549,0.33007407502152014,0.1631026007642422
2.9225000000000003,1.489657968454379,0.7677481892707799,-0.32773191742740543
2.9250000000000003,0.5155400819715873,0.12050881104757057,-0.23484011577590277
2.9250000000000003,0.78779025031659,0.3283691970433086,0.1628266892483854
2.9250000000000003,1.4923411965673783,0.7687094716200553,-0.3298005946618427
2.9275,0.5160314507345912,0.12081204704787887,-0.23318810478678562
2.9275,0.7857681738903056,0.326671020939017,0.16252589688514618
2.9275,1.4950119383013707,0.7696618076200067,-0.3318541959178074
2.93,0.5165276123215387,0.1211186146348586,-0.23152485255084618
2.93,0.7837535880917254,0.3249793092707699,0.16220036559988493
2.93,1.4976704268991916,0.7706053613729423,-0.33389496902614396
2.9325,0.5170286748030072,0.12142859114240391,-0.2298501286024379
2.9325,0.7817461621214996,0.32329382668999324,0.16185008910873933
2.9325,1.500316875766795,0.7715402876171593,-0.33592221098830694
2.935,0.5175347502039821,0.1217420567653549,-0.22816369433797942
2.935,0.7797455679503976,0.321614339580778,0.16147504711128136
2.935,1.502951508329784,0.7724667424024385,-0.33793503843436845
2.9375,0.5180459547069851,0.12205909470723718,-0.22646530267178552
2.9375,0.7777514798289599,0.31994061571568694,0.16107509976936996
2.9375,1.5055745428348035,0.773384877737898,-0.3399336845730988
2.94,0.5185624088676298,0.12237979133718828,-0.22475469760863118
2.94,0.7757635543462499,0.318272407589829,0.1606474495929877
2.94,1.508186191025976,0.7742948412101468,-0.34191837609679737
2.9425,0.5190842378469024,0.12270423635886088,-0.22303161368864008
2.9425,0.7737814522464614,0.3166094708076702,0.1601949006668768
2.9425,1.5107866584105651,0.7751967761621893,-0.3438893333455568
2.9450000000000003,0.5196115716572314,0.12303252298961789,-0.22129577560980881
2.9450000000000003,0.7718048522386447,0.31495157573049337,0.15971737294395716
2.9450000000000003,1.5133761445141696,0.7760908218642463,-0.3458467705706258
2.9475000000000002,0.520144545426713,0.1233647481528762,-0.21954689762848642
2.9475000000000002,0.7698334333976358,0.31329849276851174,0.15921477130587114
2.9475000000000002,1.5159548431195509,0.7769771136747108,-0.34779089625333276
2.95,0.520683299681925,0.1237010126840339,-0.21778468299316064
2.95,0.7678668746816476,0.3116499920412367,0.15868698504117873
2.95,1.5185229424956637,0.7778557831937829,-0.349721913214488
2.9525,0.5212279806512785,0.12404142155137295,-0.21600882339489755
2.9525,0.7659048544404509,0.31000584303037826,0.15813388712926368
2.9525,1.5210806256127614,0.778726958408597,-0.3516400188974578
2.955,0.5217787405890811,0.12438608409223784,-0.21421899828455435
2.955,0.7639470323877339,0.30836579954666143,0.15755249720972309
2.955,1.5236280703496918,0.7795907638321664,-0.3535454055958003
2.9575,0.5223357381263376,0.1247351142684711,-0.2124148741400322
2.9575,0.7619930664683583,0.30672961394648907,0.1569454909255974
2.9575,1.526165446918054,0.7804473197015293,-0.35543974091731007
2.96,0.522899138645381,0.12508863093952508,-0.2105961038112447
2.96,0.7600426302471431,0.3050970517550923,0.15631269942861792
2.96,1.5286929087264114,0.7812967389978086,-0.35732302743678335
2.9625000000000004,0.5234691146843787,0.1254467581572909,-0.20876232561528593
2.9625000000000004,0.7580953945080834,0.3034678763141706,0.1556539252545175
2.9625000000000004,1.5312106179468044,0.7821391361309346,-0.35919408066813363
2.965,0.5240458463733593,0.12580962548396682,-0.20691316254262124
2.965,0.7561510266749427,0.30184184836822203,0.15496895211519757
2.965,1.5337187346839574,0.7829746232978352,-0.36105307562071115
2.9675000000000002,0.5246295219051064,0.12617736833538748,-0.20504822130229525
2.9675000000000002,0.7542091902041722,0.30021872563011737,0.15425754403275427
2.9675000000000002,1.5362174148072119,0.7838033098032016,-0.36290018301028215
2.97,0.525220338042098,0.1265501283509015,-0.20316709128942453
2.97,0.7522695309724164,0.29859825148703617,0.1535170630451166
2.97,1.5387068101056267,0.7846253021637379,-0.36473556917565564
2.9725,0.5258185006688435,0.126928053796081,-0.20126934354713907
2.9725,0.750331681148918,0.2969801583410935,0.15274924463626327
2.9725,1.5411870684346114,0.7854407042071935,-0.36655939652167585
2.975,0.5264242253867524,0.12731129999689458,-0.1993545295342347
2.975,0.7483952879274925,0.29536419168458616,0.15195415804525325
2.975,1.5436583338577243,0.7862496171675094,-0.3683718235253734
2.9775,0.5270377381614544,0.1277000298120822,-0.19742217988172325
2.9775,0.7464599920145945,0.2937500922010706,0.15113147726619758
2.9775,1.5461207467803697,0.787052139775129,-0.3701730048998875
2.98,0.5276592760267197,0.12809441414690415,-0.19547180300505393
2.98,0.7445254265070328,0.29213759491942587,0.15028085139645597
2.98,1.548574444078404,0.7878483683435797,-0.37196309164136976
2.9825,0.5282890878484617,0.12849463251106816,-0.19350288352759645
2.9825,0.7425912160316067,0.29052642859231304,0.1494019031544891
2.9825,1.5510195592199496,0.788638396851886,-0.3737422312827828
2.9850000000000003,0.5289274351615245,0.12890087362957017,-0.1915148807540845
2.9850000000000003,0.7406569679531967,0.28891630848050365,0.1484924284700373
2.9850000000000003,1.5534562223835102,0.7894223170239179,-0.37551056792287324
2.9875,0.5295745930801622,0.12931333610778958,-0.18950722674437867
2.9875,0.738722261981119,0.2873069278399369,0.14755291652401858
2.9875,1.5558845600172595,0.790200218227312,-0.37726890697353804
2.99,0.5302308512952759,0.12973222915999752,-0.18747932444274082
2.99,0.7367866893158715,0.28569799061858947,0.1465837729031083
2.99,1.5583046847410933,0.7909721843013193,-0.3790185983329755
2.9925,0.5308965150737744,0.13015777334807546,-0.18543068721621478
2.9925,0.7348498303014703,0.2840891929555025,0.1455844962083841
2.9925,1.560716713467124,0.7917382994093976,-0.38075784746435626
2.995,0.5315719055970242,0.130590200906012,-0.18336076201830306
2.995,0.7329112513052713,0.28248022071730394,0.14455454936945777
2.995,1.5631207648312595,0.7924986472141922,-0.382486787141314
2.9975,0.5322573628921073,0.1310297577340685,-0.181268612597929
2.9975,0.7309705033323839,0.28087074849043014,0.1434933572186381
2.9975,1.5655169546726033,0.7932533094599082,-0.3842055472158594
3.0,0.5329532468904709,0.13147670421106522,-0.17915350228880908
3.0,0.7290271167664832,0.2792604353772168,0.14239910544056045
3.0,1.5679053961249434,0.7940023660339096,-0.3859142547469428
3.0025,0.5336599387646864,0.1319313161969572,-0.17701465220287813
3.0025,0.7270805803917447,0.2776489078142759,0.14127091510496292
3.0025,1.5702861997033044,0.7947458950254318,-0.38761303391568797
3.005,0.5343778427092625,0.13239388633529323,-0.1748512377941491
3.005,0.7251303836414658,0.27603579476925877,0.1401094861908092
3.005,1.5726594733886587,0.7954839727824417,-0.3893020063853973
3.0075000000000003,0.535107387917465,0.13286472549931255,-0.17266238495072803
3.0075000000000003,0.7231759986432711,0.27442071303006554,0.1389140580732029
3.0075000000000003,1.5750253227075677,0.7962166739656967,-0.3909812911438307
3.0100000000000002,0.5358490307751497,0.13334416439760796,-0.17044716574821092
3.0100000000000002,0.7212168728046052,0.2728032612806905,0.13768381482703873
3.0100000000000002,1.5773838508097466,0.7969440716010018,-0.3926510047123256
3.0125,0.5366032573184107,0.13383255537234318,-0.16820459362021367
3.0125,0.7192524263298367,0.2711830182887619,0.136417880713946
3.0125,1.5797351585412833,0.7976662371290073,-0.3943112611633238
3.015,0.5373705859718014,0.13433027440409406,-0.16593361804595474
3.015,0.717282048072506,0.2695595397475268,0.13511461924298196
3.015,1.582079344516714,0.7983832404536018,-0.395962172263347
3.0175,0.5381515706266913,0.13483772336559494,-0.16363311855505103
3.0175,0.7153050688256145,0.26793233659390703,0.13377183346041654
3.0175,1.58441650518656,0.7990951499878906,-0.39760384741868476
3.02,0.5389468041024685,0.13535533255648077,-0.1613018979662595
3.02,0.7133207982889206,0.26630090581384136,0.13239029649780854
3.02,1.586746734903457,0.7998020326987809,-0.39923639385190385
3.0225,0.5397569220493341,0.13588356356228826,-0.15893867483796065
3.0225,0.7113285154142993,0.2646647228021865,0.13096883076380017
3.0225,1.589070122502087,0.800503953099566,-0.400861583873577
3.0250000000000004,0.5405826073761983,0.13642291249808755,-0.15654207483617455
3.0250000000000004,0.709327454121715,0.2630232299978581,0.12950616524176617
3.0250000000000004,1.5913867490629883,0.801200972622787,-0.4024784680018674
3.0275,0.5414245952736803,0.13697391368950815,-0.1541106210145582
3.0275,0.707316798272242,0.2613758332038549,0.1280009257864645
3.0275,1.5936967028839089,0.8018931541543911,-0.4040864892263901
3.0300000000000002,0.5422836789473993,0.1375371438748006,-0.1516427226844197
3.0300000000000002,0.7052956753818959,0.2597218969357784,0.12645119655818604
3.0300000000000002,1.5960000709280844,0.8025805594519954,-0.40568574747264263
3.0325,0.5431607161795957,0.1381132270152421,-0.1491366627137669
3.0325,0.7032631247702277,0.2580607189609584,0.1248536546594181
3.0325,1.5982969383397305,0.8032632490186528,-0.40727634072289565
3.035,0.5440566368802789,0.1387028398316263,-0.14659058294452798
3.035,0.701218126711604,0.2563915548398277,0.12320865033221827
3.035,1.60058738849612,0.8039412821383197,-0.4088583650415387
3.0375,0.54497245180127,0.13930671819526377,-0.14400246730050803
3.0375,0.6991595966888503,0.25471361390047903,0.12151426592721391
3.0375,1.6028715030589986,0.8046147169104041,-0.4104319146551152
3.04,0.5459092626509725,0.13992566454761554,-0.14137012226966839
3.04,0.6970863613886791,0.25302604044565824,0.11976840678662447
3.04,1.6051493620228783,0.805283610282695,-0.4119970820041566
3.0425,0.5468682722581337,0.14056055547336635,-0.1386916941015226
3.0425,0.6949971469747024,0.25132790515317444,0.11796877882330746
3.0425,1.6074210437624754,0.8059480180833768,-0.41355395781489807
3.045,0.5478507987648986,0.14121235207969432,-0.13596412528071866
3.045,0.6928905641922755,0.24961819406055694,0.11611229107089115
3.045,1.6096866250774453,0.8066079950516126,-0.41510263111531076
3.0475000000000003,0.5488582954024609,0.1418821142651956,-0.1331844693419626
3.0475000000000003,0.6907650624076901,0.24789577258764273,0.11419471791507262
3.0475000000000003,1.61194618123664,0.8072635948673763,-0.41664318927810556
3.05,0.5498923675849551,0.14257101343700423,-0.13034955537727377
3.05,0.6886189565515202,0.24615940895149893,0.11221496087898684
3.05,1.6141997860212893,0.8079148701803798,-0.4181757180562269
3.0525,0.5509547959960464,0.14328034946615514,-0.12745587300577732
3.0525,0.6864504022616011,0.24440775569008244,0.1101696051775125
3.0525,1.6164475117627526,0.8085618726368629,-0.4197003016876095
3.055,0.5520475644188382,0.14401157112785082,-0.12449951895532328
3.055,0.6842573543968943,0.24263931812366302,0.10805484514375684
3.055,1.6186894293851162,0.8092046529072459,-0.42121702283956486
3.0575,0.5531728934945099,0.14476630090186077,-0.12147613240864884
3.0575,0.6820375334797157,0.24085242970860363,0.1058664202691073
3.0575,1.6209256084410726,0.8098432607113175,-0.4227259627466581
3.06,0.5543332820442475,0.14554636533511645,-0.11838081580006764
3.06,0.6797883767191045,0.23904521551818575,0.10359814657801002
3.06,1.6231561140179003,0.8104777439543617,-0.4242287773946651
3.0625,0.5555315581221444,0.14635383256237003,-0.11520803721576377
3.0625,0.6775069582652854,0.23721553177760923,0.10124468629024717
3.0625,1.6253810056308002,0.8111081484456786,-0.42572445215159166
3.065,0.5567709427474634,0.14719105915553563,-0.11195150864118374
3.065,0.6751899956249349,0.23536097538431405,0.09880108634008343
3.065,1.6276003489000017,0.8117345212248237,-0.4272125447316019
3.0675,0.558055130402063,0.1480607493089564,-0.10860403222290314
3.0675,0.6728337420569692,0.23347880281817585,0.09626025613829191
3.0675,1.6298142085427239,0.8123569085675219,-0.4286931314704112
3.0700000000000003,0.559388391998888,0.14896603056251734,-0.10515730399229815
3.0700000000000003,0.6704338779510748,0.23156584984331538,0.09361400631346938
3.0700000000000003,1.6320226480680895,0.812975355911439,-0.43016628743836544
3.0725000000000002,0.5607757084968717,0.14991055208272225,-0.10160165925254815
3.0725000000000002,0.6679853765861543,0.22961843269440735,0.09085225883831426
3.0725000000000002,1.6342257298078053,0.8135899078772431,-0.4316320864042327
3.075,0.5622229409756647,0.150898610106471,-0.09792666220698186
3.075,0.6654822800791415,0.22763218048166647,0.0879620277616233
3.075,1.6364235149465087,0.8142006082891707,-0.43309060090077656
3.0775,0.5637370682072531,0.15193532265164328,-0.0941180726743429
3.0775,0.6629175312643582,0.22560191564907758,0.08493212090843193
3.0775,1.6386160635511244,0.8148075001949309,-0.43454190219485045
3.08,0.565326522097761,0.15302687581801971,-0.09015955165225796
3.08,0.6602826548898412,0.2235214193982661,0.08174641673575067
3.08,1.6408034345986353,0.8154106258847934,-0.4359860604066666
3.0825,0.5670016354982796,0.15418085386926725,-0.08603122985673116
3.0825,0.6575672809981172,0.22138307943278684,0.07838519214264927
3.0825,1.6429856860040735,0.8160100269103809,-0.43742314447230723
3.085,0.568775299306302,0.1554067230935357,-0.08170837286214372
3.085,0.6547584826172608,0.21917740192794338,0.07482275913295311
3.085,1.6451628746465015,0.8166057441025572,-0.43885322212024497
3.0875000000000004,0.5706639436237938,0.156716554434284,-0.07715952483611233
3.0875000000000004,0.6518397212462489,0.21689223149898873,0.07102690908755704
3.0875000000000004,1.6473350563948272,0.8171978175889377,-0.4402763601510656
3.09,0.5726890623780075,0.15812614662594363,-0.07234362685570872
3.09,0.6487894521201593,0.21451173012296035,0.06695864631089954
3.09,1.6495022861326991,0.817786286810825,-0.4416926241159037
3.0925000000000002,0.5748797016018132,0.15965685961834333,-0.06720531912085548
3.0925000000000002,0.6455786165760554,0.21201452790578346,0.06256287794492721
3.0925000000000002,1.6516646177821708,0.8183711905394981,-0.4431020785486466
3.095,0.5772767574218939,0.16133878287045658,-0.06166827404840979
3.095,0.642166309684446,0.20937052902273448,0.057761343885687204
3.095,1.653822104327537,0.8189525668922485,-0.44450478694761186
3.0975,0.579941074352609,0.16321670556774817,-0.05561625798233826
3.0975,0.6384915203569619,0.20653481785747935,0.05243678184441158
3.0975,1.6559747978375023,0.8195304533476736,-0.44590081187152286
3.1,0.5829705631549464,0.16536273563749,-0.04886370796319816
3.1,0.6344562697842286,0.20343523410484537,0.0464070165795416
3.1,1.6581227493354471,0.8201048867201451,-0.4472905602167743
3.1025,0.5865422453255502,0.1679073083351657,-0.04107660993568629
3.1025,0.6298836155094398,0.1999414015232711,0.03933883013229611
3.1025,1.6602660032927683,0.8206759017050785,-0.44867527057008
3.105,0.5910477004349464,0.17113910171642321,-0.031519292337245375
3.105,0.624381947752433,0.1957646140195345,0.03049168467716967
3.105,1.6624046063382698,0.8212435332232276,-0.4500534486770676
3.1075,0.5978804644534733,0.17608604813455955,-0.017579944411316717
3.1075,0.6165574487632781,0.18987673353930482,0.017258121487451206
3.1075,1.664538607312351,0.8218078164280578,-0.4514251537928838
3.1100000000000003,1.6666680542367434,0.8223687859019183,-0.4527904442300082
3.1125,1.668792994333627,0.8229264756690274,-0.4541493774324259
3.115,1.6709134740441145,0.8234809192080603,-0.4555020099495301
3.1175,1.6730295390458105,0.8240321494642731,-0.4568483974899046
3.12,1.6751412342706236,0.8245801988614767,-0.4581885949611808
3.1225,1.6772486039212882,0.8251250993134681,-0.45952265633103595
3.125,1.6793516914878563,0.8256668822352513,-0.46085063493200185
3.1275,1.681450539763663,0.8262055785539283,-0.46217258322912996
3.13,1.6835451908604633,0.8267412187191879,-0.4634885528993978
3.1325000000000003,1.6856356862238868,0.8272738327136948,-0.464798594916856
3.1350000000000002,1.6877220666477026,0.8278034500629954,-0.4661027595057459
3.1375,1.689804372288113,0.8283300998452618,-0.46740109619235587
3.14,1.6918826426776143,0.8288538107007595,-0.4686936537514715
3.1425,1.6939569167381092,0.8293746108409649,-0.4699804802974708
3.145,1.6960272327943664,0.8298925280576153,-0.4712616232632344
3.1475,1.698093626281253,0.8304075891578064,-0.47253845744222955
3.15,1.7001561295672347,0.8309198199360183,-0.4738100274047397
3.1525,1.7022147792643907,0.8314292469960789,-0.47507602721828085
3.1550000000000002,1.704269611592484,0.8319358965937158,-0.47633650216976653
3.1575,1.706320662230252,0.8324397946044281,-0.4775914969399115
3.16,1.7083679663263116,0.8329409665310885,-0.4788410555624682
3.1625,1.7104115585101196,0.8334394375114321,-0.48008522152643
3.165,1.7124514729026261,0.8339352323253473,-0.48132403768946413
3.1675,1.7144877431266203,0.8344283754019718,-0.4825575463667817
3.17,1.716520402316605,0.8349188908265589,-0.4837857893029831
3.1725000000000003,1.718549483128901,0.8354068023472868,-0.4850088077537621
3.175,1.7205750177509807,0.8358921333817715,-0.4862266423219525
3.1775,1.7225970379108577,0.8363749070234885,-0.4874393331490992
3.18,1.724615574886217,0.8368551460480285,-0.4886469198481616
3.1825,1.7266306595130312,0.8373328729191301,-0.48984944155248683
3.185,1.7286423221945115,0.8378081097946956,-0.4910469368422318
3.1875,1.7306505929092864,0.8382808785325279,-0.4922394438446398
3.19,1.732655501219665,0.8387512006959964,-0.4934270001861388
3.1925,1.734657076279665,0.8392190975595576,-0.49460964301516297
3.1950000000000003,1.736655346842817,0.8396845901141361,-0.49578740905037355
3.1975,1.738650340963483,0.8401476990013992,-0.49696081168437184
3.2,1.7406420823492346,0.8406084436760747,-0.4981304120898024
3.2025,1.7426305973215213,0.8410668440269622,-0.4992952222812544
3.205,1.7446159132262513,0.8415229200035943,-0.5004552775248938
3.2075,1.746598057042685,0.8419766912959307,-0.5016106126206145
3.21,1.7485770553897597,0.8424281773389403,-0.5027612619625903
3.2125,1.7505529345330884,0.8428773973172664,-0.5039072594913466
3.215,1.7525257203912434,0.8433243701696578,-0.505048638798336
3.2175000000000002,1.7544954385421567,0.8437691145933576,-0.5061854330335526
3.22,1.7564621142293304,0.8442116490483828,-0.5073176749465003
3.2225,1.758425772367908,0.8446519917617069,-0.5084453969900056
3.225,1.7603864375504346,0.8450901607313096,-0.5095686310891172
3.2275,1.7623441340528616,0.8455261737302197,-0.5106874089027978
3.23,1.7642988858400246,0.8459600483103791,-0.5118017616938253
3.2325,1.7662507165712014,0.846391801806468,-0.5129117203754856
3.2350000000000003,1.768199649605522,0.8468214513396383,-0.5140173154449303
3.2375,1.7701457080072378,0.8472490138211612,-0.5151185771302123
3.24,1.7720889145507606,0.84767450595597,-0.5162155352795046
3.2425,1.7740292917258895,0.848097944246191,-0.5173082194074037
3.245,1.7759668617425879,0.8485193449945236,-0.5183966587160073
3.2475,1.777901646535845,0.8489387243075909,-0.5194808820158757
3.25,1.779833667770398,0.8493560980992079,-0.5205609178845411
