rho,SAM_uM,Putrescine_uM,Spermidine_uM,Spermine_uM,dcSAM_uM,Vmax_ODC,Vmax_SSAT,Vmax_SAMDC,Antz,spectral_abscissa_per_h,polyamine_pair_real_per_h,polyamine_pair_imag_per_h,antz_mode_real_per_h,theta_ODCsyn_SAM,theta_SAMDCsyn_SAM,residual_scaled_max
0.0,65.06138248404055,98.20362967230186,79.5917525309346,61.35951148735108,0.01117863863876238,72.25571789957218,42.28537920548569,21.134013992390727,0.5849783133222697,-0.01587591899650386,-0.07290333324386003,0.06734395330242578,-0.019665604272239998,0.0,0.0,1.1440396637085448e-11
0.01,64.83660809817798,98.2984888504041,79.5499328712504,61.30893812033724,0.01116340351295275,72.32495258790138,42.25766129747629,21.148507265085772,0.5848191117548971,-0.015800593627663586,-0.0729929921855604,0.06737508128441776,-0.019666100551749048,-0.010034108873003187,-0.010034108873003187,8.507207078273544e-12
0.02,64.61201038029172,98.39661149662892,79.51053366648995,61.25969728848486,0.011148581402270291,72.39663647449609,42.231069286492435,21.16393541771365,0.5846662620899322,-0.01572640644471185,-0.07308238789464923,0.06740572720257111,-0.019666610314454627,-0.02013587843888475,-0.02013587843888475,1.9094202301422453e-12
0.03,64.38757635778849,98.49803980957817,79.47356979294419,61.2117954041856,0.011134173563495699,72.4708010566812,42.205609559138935,21.180309622143405,0.5845198152447014,-0.01565334748620687,-0.07317151740637769,0.06743588743034878,-0.019667133748104044,-0.030303807046074265,-0.03030380704607427,9.274811547500029e-12
0.04,64.16329315744272,98.602816601281,79.43905629077035,61.16523892725404,0.01112018128441102,72.54747829879797,42.181288565407314,21.197641228316815,0.5843798220252691,-0.015581406821485635,-0.07326037771455735,0.06746555816584474,-0.019667671025792987,-0.040536355023751046,-0.04053635502375105,8.507920623708093e-12
0.05,63.93914800161318,98.71098530911658,79.40700836293111,61.120034362942334,0.011106605883541665,72.62670064136427,42.158112817762046,21.21594176772032,0.5842463331078781,-0.015510574556178311,-0.07334896577205374,0.06749473542858181,-0.01966822230733281,-0.050831944860589263,-0.05083194486058925,8.80153535719762e-12
0.06,63.7151282044501,98.82259000815642,79.3774413741716,61.07618825995368,0.011093448709904849,72.70850101055719,42.136088890237566,21.23522295697529,0.5841193990202593,-0.015440840837437443,-0.07343727849120235,0.06752341505631942,-0.019668787740399343,-0.06118896141878963,-0.061188961418789635,5.456606244565563e-13
0.07,63.491221168090924,98.93767542394755,79.35037085003903,61.033707208456455,0.011080711142765012,72.79291282803443,42.11522341754863,21.255496701552207,0.5839990701228314,-0.015372195859492599,-0.0735253127442072,0.06755159270191322,-0.019669367461539574,-0.07160575218398905,-0.07160575218398904,3.296918293926865e-12
0.08,63.267414378838915,99.05628694576063,79.3258124759511,60.99259783810193,0.011068394591396745,72.87997002111122,42.095523094215906,21.276775099614927,0.583885396589808,-0.015304629869068342,-0.07361306536381287,0.0675792638299975,-0.019669961597037072,-0.08208062755159673,-0.08208062755159672,3.547144649938694e-12
0.09,63.04369540331788,99.17847064032591,79.3037820963159,60.9528668160467,0.011056500494855397,72.96970703331283,42.0769946737088,21.299070446001483,0.5837784283902313,-0.015238133170756249,-0.07370053314323417,0.06760642371390198,-0.01967057026364835,-0.09261186115006434,-0.09261186115006433,3.520979415899047e-12
0.1,62.8200518846034,99.30427326608226,79.28429571371129,60.91452084498386,0.01104503032175635,73.06215883531873,42.05964496760856,21.322395236348008,0.5836782152689586,-0.015172696132217282,-0.07378771283682747,0.06763306743238477,-0.019671193569250258,-0.10319769020154011,-0.10319769020154011,2.347377857557157e-12
0.11,62.596471538318994,99.43374228796796,79.26736948812749,60.877566661183316,0.011033985570063042,73.1573609363228,42.04348084479322,21.34676217136312,0.583584806727614,-0.015108309189627063,-0.07387460116026422,0.06765918986646026,-0.019671831613405293,-0.1138363159203186,-0.1138363159203186,3.547653923008062e-12
0.12,62.37294214869574,99.56692589277876,79.25301973628017,60.842011032545805,0.01102336776688458,73.25534939582774,42.02850923064777,21.372184161260243,0.5834982520055385,-0.015044962852646481,-0.07396119479071865,0.06768478569627928,-0.019672484487838652,-0.12452590394943623,-0.12452590394943626,3.227800386649154e-12
0.13,62.14945156459079,99.70387300512496,79.2412629310002,60.80786075667282,0.011013178468283594,73.35616083589765,42.01473710630189,21.398674330355476,0.5834186000607542,-0.014982647709783782,-0.07404749036703434,0.06770984939791667,-0.019673152276871546,-0.13526458483570644,-0.13526458483570644,3.22787612800683e-12
0.14,61.9259876954557,99.84463330401853,79.23211570070669,60.77512265895468,0.011003419259094833,73.45983245389264,42.00217150789841,21.426246021839876,0.5833458995509727,-0.014921354432976373,-0.07413348448995835,0.06773437524032862,-0.019673835057779372,-0.1460504545434391,-0.1460504545434391,7.629700988461377e-12
0.15,61.70253850725239,99.98925724012207,79.22559482897051,60.74380359068109,0.01099409175275533,73.56640203570996,41.99081952589547,21.454912802734487,0.583280198814672,-0.014861073782945516,-0.07421917372211748,0.0677583572821584,-0.019674532901129173,-0.1568815750070167,-0.15688157500701666,7.629873150893361e-12
0.16,61.47909201830926,100.13779605369555,79.2217172541764,60.71391042717636,0.01098519759114689,73.67590796955852,41.98068830440582,21.48468846903768,0.5832215458522679,-0.014801796613669541,-0.07430455458808063,0.06778178936875809,-0.019675245871053067,-0.1677559747224459,-0.16775597472244594,1.6484591469634324e-12
0.17,61.255636295111486,100.2903017932781,79.22050006929054,60.68545006596321,0.010976738444451486,73.78838926029499,41.97178504057613,21.515587051074384,0.583169988307409,-0.014743513877232705,-0.07438962357435774,0.06780466512916192,-0.019675974025499338,-0.17867164937793367,-0.17867164937793364,4.64049399360178e-12
0.18,61.0321594480196,100.4468273351416,79.22196052174371,60.65842942495913,0.010968716011020792,73.90388554434993,41.96411698401085,21.547622819057892,0.5831255734484247,-0.014686216628341747,-0.07447437712907853,0.06782697797304776,-0.019676717416446943,-0.18962656252347126,-0.18962656252347126,8.510796207530695e-12
0.19,60.808649626910636,100.60742640355889,79.22611601343692,60.632855440707885,0.010961132017260285,74.02243710527546,41.95769143624343,21.580810288874556,0.5830883481499561,-0.014629896028904214,-0.07455881166219488,0.06784872108785354,-0.019677476090109586,-0.2006186462793385,-0.2006186462793385,1.1739272946646626e-11
0.2,60.58509501673344,100.77215359192884,79.23298410088063,60.608735066651064,0.010953988217529227,74.14408488994849,41.952515750259515,21.615164228103602,0.5830583588748,-0.014574543352348871,-0.07464292354491524,0.06786988743586622,-0.01967825008709374,-0.21164580208337336,-0.21164580208337336,6.456731234315915e-12
0.21,60.36148383297349,100.94106438480297,79.2425824954763,60.58607527144373,0.010947286394057247,74.26887052546064,41.94859733007599,21.65069966228353,0.583035651656,-0.01452014998792698,-0.07472670910963757,0.06789046975141307,-0.01967903944255545,-0.222705901476773,-0.22270590147677308,2.9349361027063966e-12
0.22,60.13780431701859,101.11421518086345,79.25492906395105,60.56488303731755,0.010941028356878777,74.39683633673586,41.94594363038058,21.68743188143841,0.5830202720792181,-0.014466707444819933,-0.07481016464926141,0.06791046053806041,-0.0196798441863266,-0.2337967869281245,-0.23379678692812453,4.6959888667914476e-12
0.23,59.91404473141896,101.2916633169012,79.27004182895583,60.545165358496995,0.010935215943786164,74.52802536490982,41.94456215623584,21.725376446877362,0.5830122652654197,-0.014414207356460885,-0.07489328641711956,0.06792985206594936,-0.019680664343046893,-0.24491627269527946,-0.24491627269527944,4.402572973637082e-12
0.24,59.69019335503355,101.47346709284874,79.28793896983962,60.526929239671865,0.010929851020302962,74.66248138651495,41.94446046285343,21.764549198281664,0.5830116758539083,-0.014362641484300763,-0.074976070626105,0.06794863636909301,-0.019681499932259965,-0.2560621457246185,-0.2560621457246185,2.641592630551781e-12
0.25,59.46623847805593,101.65968579792333,79.30863882361034,60.510181694532704,0.01092493547967832,74.80024893351197,41.9456461554429,21.804966261094403,0.5830185479857504,-0.014312001721644858,-0.07505851344830455,0.06796680524287256,-0.01968235096850966,-0.26723216658716203,-0.267232166587162,2.730592163136247e-12
0.26,59.242168396909676,101.8503797379412,79.33215988609571,60.494929744372406,0.010920471242903886,74.94137331421429,41.948126889140426,21.846644054228975,0.5830329252876201,-0.014262280097712854,-0.07514061101407832,0.06798435024149893,-0.01968321746143279,-0.2784240704509142,-0.2784240704509142,4.109290445854065e-12
0.27,59.01797140900705,102.04561026386396,79.35852081331771,60.481180416759976,0.010916460258754564,75.08590063515265,41.95191036902331,21.889599298112934,0.5830548508561131,-0.014213468781158036,-0.07522235941149533,0.06800126267560673,-0.019684099415834225,-0.28963556808873764,-0.2896355680887376,1.6342482922482304e-12
0.28,58.7936358073606,102.24543980164603,79.38774042309362,60.4689407442923,0.01091290450385452,75.23387782393051,41.95700435021578,21.93384902308534,0.5830843672425612,-0.014165560083734255,-0.07530375468529873,0.06801753360992431,-0.01968499683176075,-0.30086434692098035,-0.30086434692098035,4.696490623562731e-12
0.29,58.569149875039,102.44993188345056,79.4198376968793,60.458217763428564,0.010909805982769904,75.385352653124,41.96341663809235,21.97941057816638,0.5831215164383939,-0.014118546463941506,-0.07538479283593155,0.06803315386102986,-0.01968590970456538,-0.3121080720919944,-0.3121080720919944,1.1741416851771466e-12
0.3,58.34450187945816,102.65915118031118,79.45483178186876,60.44901851341396,0.010907166728129912,75.54037376528242,41.971155088584815,22.02630164021919,0.5831663398610892,-0.014072420530360789,-0.07546546981865432,0.06804811399518378,-0.019686838024974958,-0.3233643875795984,-0.3233643875795984,1.365547156528184e-12
0.31,58.11968006649741,102.87316353631509,79.49274199336762,60.441350035298434,0.0109049888007778,75.69899069908944,41.980227608599776,22.074540223525087,0.5832188783407547,-0.014027175045114805,-0.07554578154224964,0.06806240432624547,-0.01968778177914821,-0.3346309173364582,-0.3346309173364582,3.522534377407375e-12
0.32,57.89467265442992,103.09203600439363,79.53358781745608,60.43521937105634,0.010903274289953567,75.86125391674835,41.99064215655371,22.124144689794583,0.5832791721073858,-0.013982802927239914,-0.07562572386778446,0.06807601491373279,-0.019688740948729574,-0.3459052664622817,-0.3459052664622817,5.87097767469472e-12
0.33,57.66946782765809,103.31583688380546,79.57738891396001,60.43063356281521,0.010902025313510144,76.02721483265715,42.002406743032566,22.17513375863781,0.583347260778849,-0.013939297255965693,-0.07570529260727582,0.06808893556089846,-0.0196897155109051,-0.3571850224056287,-0.35718502240562877,5.6559201766503975e-12
0.34,57.44405373024141,103.54463575940703,79.62416511974816,60.42759965219792,0.010901244018164967,76.1969258434458,42.01552943158382,22.22752651851953,0.583423183349633,-0.013896651273879844,-0.07578448352229183,0.0681011558130029,-0.019690705438458942,-0.3684677561940714,-0.3684677561940715,2.1851730943971323e-12
0.35000000000000003,57.21841845920592,103.7785035428085,79.67393645237539,60.426124679787456,0.010900932579789056,76.37044035944969,42.03001833964886,22.281342438225305,0.5835069781804217,-0.013854858390079461,-0.07586329232240815,0.0681126649555892,-0.019691710699823364,-0.37975102369135005,-0.37975102369135005,3.5510218635496464e-12
0.36,56.992550057622545,104.01751251552005,79.72672311409245,60.42621568472069,0.010901093203735493,76.54781283769918,42.04588163964393,22.33660137886699,0.583598682988533,-0.013813912183279932,-0.07594171466348376,0.06812345201291878,-0.019692731259130982,-0.3910323668800937,-0.3910323668800937,8.219818150234952e-12
0.37,56.76643650744306,104.26173637419747,79.78254549624347,60.4278797044186,0.010901728125209684,76.72909881650871,42.06312756019862,22.393323606457383,0.5836983348392809,-0.013773806405154977,-0.07601974614597153,0.06813350574647516,-0.019693767076268798,-0.40230931516859253,-0.40230931516859253,4.149569576838985e-12
0.38,56.540065722078424,104.51125027810549,79.84142418407477,60.431123774461746,0.01090283960968377,76.91435495175534,42.08176438756094,22.451529805085855,0.5838059701383078,-0.013734534982852951,-0.07609738231310813,0.06814281465363879,-0.01969481810693305,-0.41357938672004113,-0.41357938672004113,3.410605131648481e-12
0.39,56.313425538707385,104.7661308989246,79.90337996197702,60.435954928617804,0.010904429953357355,77.10363905494185,42.10180046717846,22.51124109072849,0.583921624624945,-0.013696092022520943,-0.0761746186488726,0.0681513669663515,-0.019695884302681245,-0.4248400898025876,-0.4248400898025876,4.644220788337048e-12
0.4,56.08650371029955,105.026456473029,79.96843381918805,60.44238019903129,0.010906501483667501,77.29701013314323,42.1232442054658,22.572479025728605,0.5840453333666531,-0.013658471812002849,-0.07625145057596261,0.06815915064996066,-0.01969696561098987,-0.43608892415845724,-0.4360889241584572,2.2899145923953413e-11
0.41000000000000003,55.85928789733977,105.29230685637961,80.03660695598002,60.45040661658284,0.010909056559850328,77.49452843094454,42.14610407176886,22.63526563398507,0.5841771307546023,-0.013621668823896869,-0.07632787345370659,0.06816615340218227,-0.01969806197531548,-0.4473233823903382,-0.4473233823903382,2.9558577807620168e-12
0.42,55.63176565923499,105.56376358217949,80.10792079036057,60.46004121142844,0.01091209757355734,77.69625547448312,42.17038860053671,22.699623416889608,0.5843170505004471,-0.013585677718522217,-0.07640388257570829,0.06817236265208218,-0.019699173335151927,-0.45854095136316925,-0.4585409513631693,1.3211320284077646e-11
0.43,55.40392444538998,105.840909921448,80.18239696531613,60.47129101372726,0.010915626949529232,77.90225411771445,42.19610639371302,22.76557537005486,0.5844651256343587,-0.013550493346668583,-0.07647947316753195,0.06817776555921592,-0.019700299626095197,-0.46973911361937615,-0.46973911361937615,5.57816700826807e-12
0.44,55.175751585932574,106.12383094668307,80.26005735662756,60.48416305456861,0.010919647146330527,78.1125885910306,42.223266123358854,22.83314500087957,0.5846213885043724,-0.01351611075288435,-0.07655464038426832,0.06818234901286269,-0.019701440779910644,-0.4809153488055636,-0.48091534880556347,1.4679521986466492e-12
0.45,54.94723428207072,106.41261359878922,80.34092408129077,60.498664367108304,0.010924160657148095,78.32732455236663,42.2518765345197,22.90235634699871,0.5847858707771151,-0.013482525178347951,-0.07662937930792448,0.0681860996312481,-0.019702596724600317,-0.49206713510859557,-0.4920671351085956,9.10138306545653e-12
0.46,54.7183595960627,106.70734675746095,80.4250195065759,60.51480198792439,0.010929170010657251,78.54652914093897,42.28194644835007,22.97323399567055,0.5849586034399772,-0.01344973206342466,-0.07670368494482714,0.06818900376106818,-0.019703767384478585,-0.5031919506989472,-0.5031919506989472,1.9126980292700148e-12
0.47000000000000003,54.48911444077898,107.00812131522216,80.51236625976053,60.532582958605104,0.01093467777195897,78.7702710337708,42.31348476550966,23.04580310415521,0.5851396168047944,-0.013417727051193994,-0.07677755222285486,0.0681910474768334,-0.019704952680246378,-0.5142872751791531,-0.514287275179153,3.552243718780368e-12
0.48,54.259485568836205,107.31503025533857,80.60298723857444,60.55201432757863,0.010940686543592024,78.99862050516688,42.34650046984591,23.120089421143174,0.5853289405131071,-0.013386505990268633,-0.07685097598863147,0.06819221658047016,-0.01970615252907315,-0.5253505910351303,-0.5253505910351303,5.871996883234796e-13
0.49,54.029459561279346,107.62816873383012,80.69690562239565,60.573103152198655,0.010947198966624213,79.23164948931392,42.3810026323783,23.19611930929641,0.5855266035430677,-0.013356064937609718,-0.07692395100459953,0.0681924966009559,-0.019707366844680985,-0.5363793850881087,-0.5363793850881089,1.4680092075734172e-12
0.5,53.79902281579001,107.94763416582734,80.79414488423865,60.59585650109723,0.010954217721826781,79.4694316461907,42.417000415600754,23.273919768967996,0.585732634218068,-0.013326400162045234,-0.0769964719460408,0.0681918727939171,-0.019708595537432913,-0.5473711499448487,-0.5473711499448488,2.9360369634920153e-12
0.51,53.56816153439506,108.27352631653221,80.89472880357923,60.62028145681834,0.01096174553093674,79.71204243098803,42.45450307811927,23.35351846317153,0.5859470602171615,-0.01329750814708705,-0.07706853339802319,0.06819033014137392,-0.0197098385144276,-0.5583233854438066,-0.5583233854438066,1.1157005508953515e-11
0.52,53.336861710649885,108.60594739706121,80.99868148006279,60.64638511874677,0.010969785158011586,79.95955916724934,42.493519979642876,23.434943743875888,0.5861699085873553,-0.013269385594316566,-0.07714012985226826,0.06818785335152623,-0.019711095679596776,-0.5692336000948532,-0.5692336000948532,4.919072605388897e-12
0.53,53.10510911626927,108.94500216546547,81.10602734814368,60.6741746063456,0.010978339410881558,80.2120611239585,42.5340605863468,23.518224679705853,0.5864012057578512,-0.01324202942645154,-0.07721125570395365,0.06818442685852262,-0.019712366933807877,-0.5800993125101348,-0.5800993125101347,3.229692403448614e-12
0.54,52.87288928717603,109.29079803324507,81.21679119270857,60.70365706271785,0.010987411142704788,80.46962959681585,42.57613447662792,23.603391085135502,0.5866409775563198,-0.013215436791192454,-0.07728190524850316,0.06818003482224899,-0.019713652174972784,-0.590918052823628,-0.5909180528236281,1.29188259008726e-11
0.55,52.640187508937,109.64344517769659,81.3309981657376,60.7348396585085,0.01099700325363065,80.73234799396178,42.61975134727383,23.69047355126616,0.5868892492272875,-0.01318960506377671,-0.07735207267824848,0.0681746611281993,-0.0197149512981602,-0.601687364096936,-0.6016873640969361,3.826189748854225e-12
0.56,52.4069888015551,110.00305666045296,81.44867380406188,60.76772959616268,0.011007118692577403,81.00030192642225,42.66492102006736,23.779503478287904,0.5871460454527281,-0.013164531851208727,-0.07742175207917043,0.06816828938718972,-0.0197162641957154,-0.6124048037088233,-0.6124048037088233,8.199143042165248e-12
0.5700000000000001,52.17327790358105,110.36974855260472,81.56984404827801,60.80233411455788,0.011017760459130452,81.27357930357414,42.711653448850754,23.870513109730517,0.5874113903749474,-0.013140214996123658,-0.07749093742759136,0.0681609029351164,-0.019717590757384718,-0.6230679447260156,-0.6230679447260157,4.404189640584601e-12
0.58,51.939039255510544,110.74364006681631,81.69453526288454,60.83866049402799,0.011028931605567371,81.55227043394544,42.759958727073744,23.963535568616923,0.5876853076218543,-0.013116652579530565,-0.07755962258668991,0.06815248483281602,-0.019718930870443276,-0.6336743772527396,-0.6336743772527395,5.872266735260826e-13
0.59,51.70425698242799,111.12485369688004,81.82277425770955,60.87671606179885,0.011040635239017204,81.83646813168897,42.80984709585252,24.058604895640407,0.5879678203347183,-0.013093842925792623,-0.07762780130329644,0.06814301786558635,-0.01972028441983245,-0.644221709756501,-0.6442217097565008,5.285049891983774e-12
0.6,51.4689148758549,111.51351536518627,81.95458831070142,60.9165081978547,0.011052874523760988,82.12626782909693,42.86132895256683,24.15575608949638,0.588258951198513,-0.0130717846057506,-0.07769546720445739,0.06813248454284787,-0.019721651288301983,-0.6547075703675872,-0.6547075703675873,9.102042692074061e-12
0.61,51.2329963747619,111.90975457861686,82.09000519216086,60.95804434125683,0.011065652683681544,82.42176769554159,42.91441486002531,24.255025149507702,0.5885587224749542,-0.013050476441899326,-0.07776261379418789,0.06812086709758619,-0.019723031356555485,-0.6651296081497798,-0.6651296081497798,4.1106033997972255e-12
0.62,50.996484545697285,112.31370459341257,82.2290531904966,61.00133199693748,0.011078973004870724,82.72306876326567,42.96911555623022,24.356449120694105,0.5888671560383392,-0.013029917511420203,-0.07782923445017254,0.06810814748569606,-0.019724424503407594,-0.6754854943397756,-0.6754854943397756,6.013357820686403e-12
0.63,50.759362061983644,112.72550258960281,82.37176113959033,61.04637874299118,0.011092838838402964,83.03027506047087,43.025441964774444,24.460066141446905,0.5891842734143095,-0.013010107151892186,-0.0778953224206376,0.06809430738512459,-0.01972583060594466,-0.6857729235528259,-0.685772923552826,9.379164112033322e-13
0.64,50.521611181931796,113.14528985562877,82.51815844786687,61.09319223848932,0.01110725360328438,83.343493752189,43.08340520590685,24.565915493982153,0.5895100958216531,-0.0129910449654834,-0.0779608708211803,0.06807932819492366,-0.01972724953968971,-0.6959896149521066,-0.6959896149521068,2.7334308102879664e-12
0.65,50.28321372601625,113.57321198384358,82.66827512916514,61.141780231843484,0.011122220789587483,83.66283528945716,43.14301660830258,24.674037657759246,0.5898446442172764,-0.012972730824021301,-0.07802587263179817,0.0680631910340212,-0.01972868117877813,-0.7061333133793636,-0.7061333133793636,4.37355462546868e-12
0.66,50.044151052954525,114.0094190776207,82.82214183551783,61.192150569745976,0.011137743961781826,83.98841356735852,43.20428772157913,24.784474366065602,0.590187939344479,-0.012955164873783438,-0.07809032069388813,0.0680458767398465,-0.019730125396136486,-0.716201790444383,-0.7162017904443829,6.459497067544812e-12
0.67,49.80440403462827,114.45406597086074,82.9797898919507,61.24431120671577,0.011153826762272051,84.32034609253246,43.267230329599926,24.897268665984143,0.5905400017846723,-0.012938347541669531,-0.07815420770778911,0.06802736586634228,-0.019731582063675857,-0.7261928455708738,-0.7261928455708737,6.833871594230284e-12
0.68,49.563953029779555,114.90731246074895,83.14125133342195,61.29827021528219,0.011170472915155036,84.65875416080776,43.331856464611235,25.01246498197718,0.5909008520126923,-0.012922279539947774,-0.07821752623001582,0.0680076386821288,-0.0197330510524845,-0.7361043069963585,-0.7361043069963588,4.404180304596088e-12
0.6900000000000001,49.32277785641208,115.36932355468126,83.30655894402958,61.35403579683821,0.011187686230209043,85.0037630456611,43.39817842226032,25.130109183338615,0.5912705104558624,-0.012906961872863425,-0.07828026867086788,0.06798667516810596,-0.01973453223302575,-0.7459340327237167,-0.7459340327237167,4.6471530563663215e-12
0.7000000000000001,49.08085776282282,115.84026973235163,83.47574629862305,61.411616293199124,0.011205470607128235,85.3555021982624,43.46620877754664,25.250248655786915,0.5916489975569713,-0.012892395842855803,-0.07834242729277521,0.06796445501425036,-0.019736025475363145,-0.7556799114220261,-0.7556799114220258,1.9378254346054113e-11
0.71,48.838171397182236,116.32032722407337,83.64884780696627,61.471020198903396,0.011223830040017257,85.71410545992832,43.53596040176088,25.372932377493232,0.5920363338413459,-0.012878583057022813,-0.07840399420786909,0.06794095761684933,-0.019737530649360756,-0.7653398632744086,-0.7653398632744085,7.92743288418921e-12
0.72,48.5946967755791,116.80967830649321,83.82589876060784,61.53225617429558,0.011242768622161134,86.07971128787254,43.60744648047101,25.498210999862668,0.5924325399882011,-0.01286552543372018,-0.07846496137684722,0.06791616207444937,-0.019739047624922672,-0.7749118407705959,-0.7749118407705959,5.578536376781836e-12
0.73,48.35041124843659,117.30851161695499,84.00693538262655,61.59533305943326,0.01126229055108699,86.45246299521688,43.68068053261793,25.6261369334143,0.5928376369064724,-0.012853225210560646,-0.07852532060792167,0.06789004718337642,-0.019740576272228676,-0.7843938294419708,-0.7843938294419707,2.9360557049206435e-13
0.74,48.10529146520347,117.81702248787174,84.19199488043175,61.66025988886324,0.0112824001339354,86.83250900630433,43.75567643078852,25.756764439132414,0.5932516458153339,-0.012841684951854828,-0.07858506355564886,0.06786259143320782,-0.019742116461966122,-0.793783848536868,-0.793783848536868,9.094947017729282e-13
0.75,47.859313337213216,118.33541330258218,84.38111550181237,61.72704590731515,0.011303101793160037,87.22000312844722,43.83244842273826,25.890149725695256,0.5936745883296365,-0.012830907556702085,-0.07864418172112803,0.06783377300066469,-0.019743668065599115,-0.8030799516339601,-0.8030799516339597,4.10069270778775e-12
0.76,47.612451998600754,118.8638938742912,84.57433659443956,61.79570058636309,0.011324400072575956,87.61510484133747,43.91101115424078,26.026351053020342,0.5941064865504996,-0.01282089626784811,-0.0787026664518374,0.06780356974364266,-0.019745230955619215,-0.8122802271915609,-0.8122802271915608,5.871995613319226e-12
0.77,47.3646817651546,119.40268184983437,84.77169866904902,61.86623364211153,0.011346299643778217,88.01797960545363,43.99137969334815,26.16542884260465,0.5945473631613196,-0.012811654680856968,-0.0787605089424773,0.06777195919384653,-0.019746805005819244,-0.8213827990307362,-0.821382799030736,8.807925731623027e-13
0.78,47.11597609097606,119.9520031401555,84.97324346653973,61.93865505396309,0.011368805312953947,88.42879919091637,44.07356955615083,26.307445795179174,0.5949972415294668,-0.012803186753960272,-0.07881770023630566,0.06773891854884782,-0.019748390091573628,-0.8303858267501087,-0.8303858267501087,5.871902060901304e-12
0.79,46.86630752280658,120.51209237955405,85.17901402924801,62.012975084532016,0.011391922028112896,88.84774202836928,44.15759673413402,26.45246701624328,0.595456145813969,-0.012795496818028811,-0.07887423122723514,0.06770442466297141,-0.019749986090135344,-0.8392875060702828,-0.8392875060702828,2.5295321393059567e-12
0.8,46.615647651873815,121.08319341594456,85.38905477667572,62.089204300770426,0.011415654886763296,89.27499358361018,44.243477723233866,26.60056015009542,0.5959241010794979,-0.012788589588032164,-0.07893009266256582,0.06766845403724592,-0.019751592880931285,-0.8480860691058258,-0.8480860691058257,2.2453150450019166e-12
0.81,46.36396706309624,121.66555983456941,85.60341158597082,62.16735359638071,0.011440009144061772,89.71074675784472,44.33122955470543,26.751795523031973,0.5964011334169986,-0.012782470174348368,-0.07898527514650894,0.0676309828082501,-0.01975321034587854,-0.8567797845627597,-0.8567797845627597,1.36695839964411e-12
0.8200000000000001,46.11123528147434,122.25945551783032,85.82213187748478,62.24743421559113,0.01146499022146838,90.15520231561378,44.420869827922786,26.906246296447648,0.5968872700713318,-0.012777144096007857,-0.07903976914494558,0.06759198673549725,-0.01975483836970911,-0.8653669578595131,-0.8653669578595131,1.1743349708426738e-12
0.8300000000000001,45.85742071548166,122.86515524415375,86.04526470575752,62.329457778380174,0.011490603715940111,90.60856934263239,44.51241674524131,27.06398863063938,0.5973825395763193,-0.012772617292597058,-0.07909356499066852,0.06755144118773299,-0.01975647684030527,-0.873845931169297,-0.8738459311692973,9.100994801706196e-12
0.84,45.60249059725723,123.48294532907133,86.27286085630513,62.413436307238136,0.011516855409698845,91.071065735988,44.60588914906297,27.2251018601896,0.5978869718976229,-0.012768896139636847,-0.07914665289005973,0.06750932112762574,-0.019758125649045596,-0.8822150833818475,-0.8822150833818476,1.409169789469121e-11
0.85,45.34641091938257,124.11312431200304,86.50497294862258,62.49938225556524,0.011543751280612706,91.54291872937914,44.70130656125634,27.389668681889614,0.5984005985839154,-0.012765987463225612,-0.07919902293097293,0.06746560109479156,-0.01975978469116964,-0.8904728299824674,-0.8904728299824677,6.752188827429381e-12
0.86,45.08914636801135,124.75600369256433,86.74165554584322,62.58730853781076,0.011571297513232543,92.024365456334,44.79868922509617,27.557775356254474,0.5989234529268395,-0.012763898555910952,-0.07925066509201167,0.06742025518706547,-0.019761453866156648,-0.8986176228462709,-0.8986176228462709,1.5347723092418164e-12
0.87,44.83066025210027,125.41190872058543,86.98296527153575,62.677228561466364,0.011599500510528965,92.51565355463161,44.8980581499006,27.72951192378425,0.5994555701302945,-0.012762637194716724,-0.07930156925285689,0.06737325704013734,-0.01976313307810478,-0.9066479499454959,-0.9066479499454957,3.2292224182734945e-12
0.88,44.57091442847052,126.08117924444704,87.22896093416098,62.76915626103711,0.011628366906378747,93.01704181546988,44.999435158559415,27.90497243723939,0.5999969874896292,-0.012762211658310138,-0.07935172520660966,0.06732457980488804,-0.0197648222361433,-0.9145623349676927,-0.9145623349676927,9.981092040671583e-12
0.89,44.309869222405794,126.76417062279229,87.47970365975434,62.863106134122845,0.011657903578853815,93.52880088127489,45.10284293816314,28.084255211325104,0.6005477445813754,-0.01276263074832159,-0.07940112267372901,0.06727419612260238,-0.01976652125484591,-0.9223593368425446,-0.9223593368425445,2.6420148582049123e-12
0.9,44.04748334347063,127.46125470518164,87.73525703345071,62.95909327975342,0.011688117664369987,94.0512139964405,45.208305093961236,28.26746309131968,0.601107883464205,-0.01276390380880821,-0.07944975131803449,0.0672220780976721,-0.019768230054678423,-0.9300375491749723,-0.9300375491749723,2.5579538487363607e-12
0.91,43.78371379620458,128.1728208878321,87.99568725052183,63.05713343913352,0.011719016572757826,94.5845778157271,45.315846206896616,28.454703742339774,0.6016774488918522,-0.012766040750291132,-0.07949760076453848,0.06716819726786086,-0.01976994856243839,-0.9375955995821015,-0.9375955995821016,4.403220155771865e-12
0.92,43.518515785321455,128.89927725120802,88.26106327765717,63.15724303896678,0.011750608003323101,95.12920327553721,45.42549189498719,28.6460899611097,0.6022564885388065,-0.012769052073838138,-0.07954466061961221,0.06711252457185615,-0.019771676711726985,-0.9450321489315371,-0.945032148931537,2.641888214531526e-12
0.93,43.251842615009124,129.64105178694658,88.53145702528303,63.259439237541436,0.01178289996197007,95.6854165338343,45.53726887884734,28.841740012299255,0.6028450532396613,-0.012772948896372325,-0.07959092049414715,0.06705503031328751,-0.019773414443451466,-0.9523458904782497,-0.9523458904782498,4.1095330101948995e-12
0.9400000000000001,42.98364558189338,130.39859372238817,88.80694353179106,63.36373997377769,0.011815900779467379,96.25355998508377,45.65120505167063,29.041777991712923,0.6034431972430624,-0.01277774297936278,-0.07963637002883522,0.0669956841218973,-0.019775161706324623,-0.9595355488972281,-0.9595355488972283,5.870656402405031e-12
0.9500000000000001,42.713873861190436,131.17237495187572,89.08760116062376,63.47016401945305,0.011849619130943163,96.83399335728521,45.767329554023036,29.246334218860106,0.604050978481304,-0.01278344676029903,-0.07968099892313846,0.06693445491089703,-0.019776918457397732,-0.9665998792088527,-0.9665998792088526,4.035882739117369e-12
0.96,42.442474385532975,131.96289158497925,89.37351181125477,63.578731034841,0.011884064056703583,97.42709489893275,45.885672853828716,29.455545661711803,0.6046684588567052,-0.01279007338273611,-0.07972479696677161,0.06687131083074462,-0.019778684662614218,-0.9735376655937381,-0.9735376655937379,8.885494451732502e-12
0.97,42.16939171590753,132.77066562292924,89.66476114520162,63.68946162801985,0.011919244984477832,98.03326266461606,46.00626683196644,29.66955639676095,0.6052957045460006,-0.012797636733459447,-0.07976775407579026,0.06680621921814282,-0.019780460297387836,-0.9803477200935435,-0.9803477200935433,6.536993168992922e-13
0.98,41.894567904096114,133.59624677579723,89.9614388283129,63.802377418131265,0.011955171753201295,98.65291590894255,46.129144873933235,29.888518107851215,0.6059327863240973,-0.012806151479679029,-0.07980986033218428,0.06673914654091309,-0.019782245347205914,-0.9870288811939731,-0.9870288811939734,2.9350987953673184e-12
0.99,41.617942345955996,134.44021443438947,90.26363879069538,63.917501102893816,0.011991854638459434,99.28649659957341,46.25434196807677,30.112590627636283,0.606579779908674,-0.012815633109868293,-0.07985110602759507,0.06667005833796529,-0.019784039808247694,-0.9935800122858762,-0.9935800122858761,2.6147972675971687e-12
1.0,41.33945162481702,135.30317981242447,90.57145950577944,64.03485653070328,0.012029304379725853,99.93447106140559,46.3818948109448,30.34194252597507,0.6072367663272308,-0.012826097978475311,-0.07989148171268562,0.06659891915348597,-0.01978584368804845,-1.0,-0.9999999999999999,1.2221335055073723e-12
